<Ticker>,<DTYYYYMMDD>,<OpenFixed>,<HighFixed>,<LowFixed>,<CloseFixed>,<Volume>,<Open>,<High>,<Low>,<Close>,<VolumeDeal>,<VolumeFB>,<VolumeFS>
PVF,20130924,4.20,4.20,4.10,4.20,2932220,4.20,4.20,4.10,4.20,0,20110,0
PVF,20130923,4.20,4.20,4.10,4.20,2932220,4.20,4.20,4.10,4.20,0,20110,213250
PVF,20130920,3.60,4.00,3.60,4.00,24167710,3.60,4.00,3.60,4.00,20000,1629540,16269850
PVF,20130919,3.80,3.80,3.80,3.80,586050,3.80,3.80,3.80,3.80,20000,10,179660
PVF,20130918,4.00,4.00,4.00,4.00,455960,4.00,4.00,4.00,4.00,35000,200,59970
PVF,20130917,4.30,4.30,4.30,4.30,134760,4.30,4.30,4.30,4.30,100000,740,0
PVF,20130916,4.60,4.60,4.60,4.60,14240,4.60,4.60,4.60,4.60,180000,0,12310
PVF,20130913,4.90,4.90,4.90,4.90,129630,4.90,4.90,4.90,4.90,0,10190,19990
PVF,20130912,5.20,5.20,5.20,5.20,417560,5.20,5.20,5.20,5.20,0,2810,146350
PVF,20130911,5.90,5.90,5.50,5.50,1608160,5.90,5.90,5.50,5.50,0,9260,0
PVF,20130910,6.10,6.10,5.80,5.90,905250,6.10,6.10,5.80,5.90,0,1320,0
PVF,20130909,6.20,6.20,6.00,6.10,725620,6.20,6.20,6.00,6.10,0,9200,0
PVF,20130906,6.20,6.40,6.20,6.30,756980,6.20,6.40,6.20,6.30,0,109090,0
PVF,20130905,6.20,6.30,6.10,6.20,569190,6.20,6.30,6.10,6.20,0,7300,0
PVF,20130904,6.30,6.30,6.10,6.20,916780,6.30,6.30,6.10,6.20,0,179000,0
PVF,20130903,6.30,6.50,6.20,6.30,382590,6.30,6.50,6.20,6.30,0,1000,37890
PVF,20130830,6.30,6.40,6.20,6.30,921750,6.30,6.40,6.20,6.30,0,43700,450730
PVF,20130829,6.40,6.50,6.30,6.30,937600,6.40,6.50,6.30,6.30,0,0,411600
PVF,20130828,6.40,6.50,6.30,6.40,1315180,6.40,6.50,6.30,6.40,0,0,124660
PVF,20130827,6.60,6.70,6.50,6.50,653400,6.60,6.70,6.50,6.50,0,0,37900
PVF,20130826,6.60,6.70,6.40,6.60,1454020,6.60,6.70,6.40,6.60,0,200,37900
PVF,20130823,6.80,6.80,6.50,6.60,1069050,6.80,6.80,6.50,6.60,0,15000,227340
PVF,20130822,7.10,7.20,6.80,6.80,1514430,7.10,7.20,6.80,6.80,0,10,37880
PVF,20130821,6.60,6.90,6.50,6.90,2243450,6.60,6.90,6.50,6.90,0,0,10
PVF,20130820,6.70,6.70,6.50,6.50,534740,6.70,6.70,6.50,6.50,0,0,83910
PVF,20130819,6.60,6.80,6.60,6.70,676320,6.60,6.80,6.60,6.70,0,2020,177780
PVF,20130816,6.70,6.80,6.60,6.70,711690,6.70,6.80,6.60,6.70,0,3000,0
PVF,20130815,6.30,6.80,6.20,6.70,1009280,6.30,6.80,6.20,6.70,0,20000,0
PVF,20130814,6.20,6.40,6.00,6.40,740360,6.20,6.40,6.00,6.40,0,500,61000
PVF,20130813,6.40,6.50,6.20,6.20,655440,6.40,6.50,6.20,6.20,0,5000,1000
PVF,20130812,6.50,6.50,6.30,6.50,268190,6.50,6.50,6.30,6.50,0,1510,0
PVF,20130809,6.60,6.60,6.50,6.50,332190,6.60,6.60,6.50,6.50,0,0,26690
PVF,20130808,6.60,6.70,6.50,6.50,383840,6.60,6.70,6.50,6.50,0,500,0
PVF,20130807,6.70,6.80,6.60,6.60,398970,6.70,6.80,6.60,6.60,0,1000,0
PVF,20130806,6.60,6.80,6.60,6.70,466520,6.60,6.80,6.60,6.70,0,37890,85160
PVF,20130805,6.80,6.90,6.70,6.70,202120,6.80,6.90,6.70,6.70,0,0,0
PVF,20130802,6.90,6.90,6.70,6.90,331120,6.90,6.90,6.70,6.90,0,37900,0
PVF,20130801,6.70,7.00,6.70,6.90,321700,6.70,7.00,6.70,6.90,0,0,0
PVF,20130731,6.70,6.80,6.60,6.70,235930,6.70,6.80,6.60,6.70,0,1280,75800
PVF,20130730,6.70,6.80,6.60,6.70,260780,6.70,6.80,6.60,6.70,0,500,0
PVF,20130729,6.80,6.90,6.70,6.70,292340,6.80,6.90,6.70,6.70,0,0,0
PVF,20130726,7.00,7.10,6.70,6.80,1332430,7.00,7.10,6.70,6.80,0,9000,316640
PVF,20130725,7.10,7.10,7.00,7.00,600560,7.10,7.10,7.00,7.00,0,1050,3000
PVF,20130724,7.20,7.30,7.10,7.20,664740,7.20,7.30,7.10,7.20,0,0,38060
PVF,20130723,7.30,7.40,7.10,7.30,852610,7.30,7.40,7.10,7.30,0,700,1020
PVF,20130722,7.50,7.50,7.30,7.40,618460,7.50,7.50,7.30,7.40,0,0,100
PVF,20130719,7.50,7.60,7.40,7.50,530770,7.50,7.60,7.40,7.50,0,0,0
PVF,20130718,7.40,7.60,7.40,7.50,494500,7.40,7.60,7.40,7.50,0,4000,204400
PVF,20130717,7.50,7.60,7.40,7.50,433270,7.50,7.60,7.40,7.50,0,510,243700
PVF,20130716,7.60,7.60,7.50,7.50,445770,7.60,7.60,7.50,7.50,0,20000,400
PVF,20130715,7.60,7.70,7.50,7.50,493690,7.60,7.70,7.50,7.50,0,0,47980
PVF,20130712,7.50,7.60,7.40,7.60,502430,7.50,7.60,7.40,7.60,0,7370,0
PVF,20130711,7.40,7.50,7.30,7.40,393750,7.40,7.50,7.30,7.40,0,5500,38570
PVF,20130710,7.50,7.60,7.40,7.40,477140,7.50,7.60,7.40,7.40,0,0,189450
PVF,20130709,7.50,7.60,7.40,7.50,410020,7.50,7.60,7.40,7.50,0,1000,0
PVF,20130708,7.50,7.60,7.40,7.50,457130,7.50,7.60,7.40,7.50,0,3000,0
PVF,20130705,7.60,7.70,7.50,7.60,567650,7.60,7.70,7.50,7.60,0,630,2100
PVF,20130704,7.50,7.70,7.50,7.60,732970,7.50,7.70,7.50,7.60,0,0,93330
PVF,20130703,7.60,7.70,7.50,7.50,757830,7.60,7.70,7.50,7.50,0,10000,93330
PVF,20130702,7.50,7.80,7.50,7.60,616840,7.50,7.80,7.50,7.60,0,200,21000
PVF,20130701,7.50,7.70,7.50,7.50,590660,7.50,7.70,7.50,7.50,0,0,37900
PVF,20130628,7.70,7.80,7.60,7.60,592420,7.70,7.80,7.60,7.60,0,42010,0
PVF,20130627,7.60,7.70,7.50,7.70,813530,7.60,7.70,7.50,7.70,0,7100,161680
PVF,20130626,7.60,7.70,7.40,7.50,1621790,7.60,7.70,7.40,7.50,0,0,695660
PVF,20130625,7.90,8.00,7.40,7.60,1458140,7.90,8.00,7.40,7.60,0,590,693200
PVF,20130624,7.80,8.10,7.80,7.80,1640810,7.80,8.10,7.80,7.80,0,100,413290
PVF,20130621,8.10,8.20,7.70,7.70,6282290,8.10,8.20,7.70,7.70,0,100,6082340
PVF,20130620,8.30,8.40,8.20,8.20,751910,8.30,8.40,8.20,8.20,0,0,329540
PVF,20130619,8.30,8.40,8.20,8.20,718410,8.30,8.40,8.20,8.20,0,0,358380
PVF,20130618,8.20,8.30,8.10,8.20,1016200,8.20,8.30,8.10,8.20,0,3400,356120
PVF,20130617,8.50,8.60,8.10,8.10,1097790,8.50,8.60,8.10,8.10,0,800,577540
PVF,20130614,8.80,8.80,8.50,8.50,492220,8.80,8.80,8.50,8.50,0,100,324300
PVF,20130613,8.70,8.70,8.40,8.60,684640,8.70,8.70,8.40,8.60,0,1000,4500
PVF,20130612,8.70,8.80,8.50,8.50,830400,8.70,8.80,8.50,8.50,0,14690,401740
PVF,20130611,8.60,8.90,8.60,8.60,883570,8.60,8.90,8.60,8.60,0,129980,0
PVF,20130610,9.10,9.10,8.60,8.60,822150,9.10,9.10,8.60,8.60,0,100,240410
PVF,20130607,8.80,9.10,8.70,8.90,590450,8.80,9.10,8.70,8.90,0,100,56460
PVF,20130606,8.80,8.90,8.50,8.60,2059130,8.80,8.90,8.50,8.60,0,100,1480000
PVF,20130605,8.80,8.90,8.70,8.80,1156160,8.80,8.90,8.70,8.80,0,22200,730000
PVF,20130604,9.40,9.40,8.80,8.80,905420,9.40,9.40,8.80,8.80,0,100,362020
PVF,20130603,9.40,9.60,9.30,9.40,706520,9.40,9.60,9.30,9.40,0,11000,0
PVF,20130531,9.70,9.80,9.40,9.40,1055710,9.70,9.80,9.40,9.40,0,21250,130170
PVF,20130530,9.30,9.60,9.30,9.60,510500,9.30,9.60,9.30,9.60,0,0,0
PVF,20130529,9.80,9.80,9.40,9.40,827990,9.80,9.80,9.40,9.40,0,11600,0
PVF,20130528,9.60,9.80,9.40,9.70,1336300,9.60,9.80,9.40,9.70,0,19990,227350
PVF,20130527,9.60,10.00,9.40,9.70,1087450,9.60,10.00,9.40,9.70,0,1000,10000
PVF,20130524,9.90,9.90,9.30,9.40,1020230,9.90,9.90,9.30,9.40,0,2000,201640
PVF,20130523,9.00,9.50,9.00,9.50,1917350,9.00,9.50,9.00,9.50,0,273390,225250
PVF,20130522,9.00,9.20,8.90,8.90,650940,9.00,9.20,8.90,8.90,0,0,0
PVF,20130521,8.60,9.00,8.60,8.90,1225230,8.60,9.00,8.60,8.90,0,10100,200100
PVF,20130520,8.40,8.60,8.30,8.50,416580,8.40,8.60,8.30,8.50,0,15000,0
PVF,20130517,8.50,8.60,8.40,8.50,367330,8.50,8.60,8.40,8.50,0,0,83640
PVF,20130516,8.60,8.70,8.50,8.50,332460,8.60,8.70,8.50,8.50,0,79780,0
PVF,20130515,8.40,8.50,8.30,8.50,251150,8.40,8.50,8.30,8.50,0,200,0
PVF,20130514,8.70,8.70,8.30,8.40,520430,8.70,8.70,8.30,8.40,0,88620,3720
PVF,20130513,8.70,8.80,8.60,8.70,352030,8.70,8.80,8.60,8.70,0,52000,0
PVF,20130510,8.70,8.80,8.50,8.60,275490,8.70,8.80,8.50,8.60,0,0,0
PVF,20130509,8.70,8.90,8.60,8.70,374030,8.70,8.90,8.60,8.70,0,0,0
PVF,20130508,8.60,8.80,8.50,8.70,562870,8.60,8.80,8.50,8.70,0,97940,0
PVF,20130507,8.80,9.10,8.50,8.60,726260,8.80,9.10,8.50,8.60,0,0,0
PVF,20130506,8.40,8.80,8.40,8.80,898600,8.40,8.80,8.40,8.80,0,0,2000
PVF,20130503,8.20,8.40,8.20,8.30,235360,8.20,8.40,8.20,8.30,0,0,500
PVF,20130502,8.40,8.50,8.20,8.20,116210,8.40,8.50,8.20,8.20,0,0,1000
PVF,20130426,8.60,8.70,8.30,8.40,224520,8.60,8.70,8.30,8.40,0,12050,0
PVF,20130425,8.30,8.70,8.20,8.60,559260,8.30,8.70,8.20,8.60,0,0,10000
PVF,20130424,7.90,8.30,7.90,8.20,520880,7.90,8.30,7.90,8.20,0,160000,227150
PVF,20130423,8.00,8.20,8.00,8.00,434400,8.00,8.20,8.00,8.00,0,0,142080
PVF,20130422,8.40,8.60,7.90,7.90,558280,8.40,8.60,7.90,7.90,0,600,179200
PVF,20130418,8.80,8.90,8.40,8.40,671970,8.80,8.90,8.40,8.40,0,100,384880
PVF,20130417,9.10,9.20,8.80,9.00,203570,9.10,9.20,8.80,9.00,0,0,47000
PVF,20130416,9.00,9.20,8.70,9.00,563920,9.00,9.20,8.70,9.00,0,30500,195090
PVF,20130415,9.80,9.80,9.20,9.20,814430,9.80,9.80,9.20,9.20,0,47030,129620
PVF,20130412,10.20,10.30,9.60,9.80,440300,10.20,10.30,9.60,9.80,0,8420,89580
PVF,20130411,10.20,10.50,10.00,10.20,759530,10.20,10.50,10.00,10.20,0,100110,247250
PVF,20130410,10.80,11.00,10.10,10.10,791130,10.80,11.00,10.10,10.10,0,55050,380510
PVF,20130409,10.80,10.90,10.70,10.80,441150,10.80,10.90,10.70,10.80,0,10000,89610
PVF,20130408,10.90,11.00,10.70,10.90,320410,10.90,11.00,10.70,10.90,0,114910,26220
PVF,20130405,10.90,11.00,10.70,10.90,288700,10.90,11.00,10.70,10.90,0,89580,100
PVF,20130404,10.60,11.20,10.50,10.80,650130,10.60,11.20,10.50,10.80,0,90800,10000
PVF,20130403,11.00,11.00,10.50,10.50,432090,11.00,11.00,10.50,10.50,0,121940,119350
PVF,20130402,11.00,11.20,10.80,10.80,519340,11.00,11.20,10.80,10.80,0,89820,17210
PVF,20130401,10.40,11.00,10.20,11.00,465530,10.40,11.00,10.20,11.00,0,89890,18100
PVF,20130329,10.40,10.60,10.20,10.40,398360,10.40,10.60,10.20,10.40,0,20000,10000
PVF,20130328,10.90,10.90,10.60,10.60,304470,10.90,10.90,10.60,10.60,0,89840,0
PVF,20130327,10.90,10.90,10.70,10.80,245980,10.90,10.90,10.70,10.80,0,90340,52720
PVF,20130326,11.00,11.10,10.80,10.80,329950,11.00,11.10,10.80,10.80,0,89940,0
PVF,20130325,10.70,11.00,10.70,11.00,641450,10.70,11.00,10.70,11.00,0,279160,115000
PVF,20130322,10.90,11.10,10.60,10.70,385150,10.90,11.10,10.60,10.70,0,89800,53460
PVF,20130321,11.10,11.20,10.90,10.90,573600,11.10,11.20,10.90,10.90,0,99780,2200
PVF,20130320,10.80,11.10,10.80,11.00,514910,10.80,11.10,10.80,11.00,0,89780,0
PVF,20130319,10.90,10.90,10.60,10.70,612710,10.90,10.90,10.60,10.70,89780,99780,300790
PVF,20130318,11.40,11.40,10.90,10.90,558280,11.40,11.40,10.90,10.90,0,45240,108600
PVF,20130315,11.10,11.60,11.00,11.60,1241550,11.10,11.60,11.00,11.60,0,980400,86500
PVF,20130314,11.00,11.30,10.90,11.30,396900,11.00,11.30,10.90,11.30,0,0,39950
PVF,20130313,11.60,11.70,11.00,11.10,879410,11.60,11.70,11.00,11.10,0,128250,94440
PVF,20130312,11.70,11.90,11.20,11.60,1348130,11.70,11.90,11.20,11.60,0,200,43950
PVF,20130311,11.20,11.60,10.70,11.30,681280,11.20,11.60,10.70,11.30,50000,50050,144580
PVF,20130308,11.00,11.20,10.90,11.20,631070,11.00,11.20,10.90,11.20,0,92580,63350
PVF,20130307,10.90,11.50,10.70,11.00,649910,10.90,11.50,10.70,11.00,0,289060,73670
PVF,20130306,10.80,11.10,10.50,11.10,971220,10.80,11.10,10.50,11.10,0,378580,109300
PVF,20130305,10.90,11.00,10.50,10.50,618080,10.90,11.00,10.50,10.50,0,112580,70110
PVF,20130304,11.70,11.90,11.10,11.10,734560,11.70,11.90,11.10,11.10,0,114580,87840
PVF,20130301,11.20,11.90,11.20,11.90,1168340,11.20,11.90,11.20,11.90,0,121900,0
PVF,20130228,11.10,11.50,11.10,11.20,878660,11.10,11.50,11.10,11.20,0,151240,26400
PVF,20130227,11.30,11.50,10.70,11.10,739510,11.30,11.50,10.70,11.10,0,92320,71600
PVF,20130226,12.00,12.10,11.30,11.30,1004730,12.00,12.10,11.30,11.30,0,92300,0
PVF,20130225,12.10,12.40,11.90,12.10,539570,12.10,12.40,11.90,12.10,0,111050,0
PVF,20130222,12.40,12.80,11.80,11.80,1823970,12.40,12.80,11.80,11.80,0,97780,36070
PVF,20130221,13.50,13.50,12.60,12.60,1353470,13.50,13.50,12.60,12.60,0,92280,10000
PVF,20130220,13.00,13.50,13.00,13.50,996780,13.00,13.50,13.00,13.50,0,224720,0
PVF,20130219,12.80,13.30,12.60,13.30,2128300,12.80,13.30,12.60,13.30,0,529160,0
PVF,20130218,13.20,13.60,12.90,13.30,1163170,13.20,13.60,12.90,13.30,0,76170,33000
PVF,20130208,13.20,13.70,13.00,13.30,828910,13.20,13.70,13.00,13.30,0,92320,0
PVF,20130207,13.40,13.40,13.10,13.40,2580360,13.40,13.40,13.10,13.40,0,281320,60610
PVF,20130206,11.80,12.60,11.50,12.60,2020470,11.80,12.60,11.50,12.60,0,361330,120120
PVF,20130205,11.80,12.00,11.40,11.80,927750,11.80,12.00,11.40,11.80,0,235700,63970
PVF,20130204,11.90,12.00,11.40,11.90,535940,11.90,12.00,11.40,11.90,0,102300,0
PVF,20130201,11.30,11.70,11.20,11.70,787100,11.30,11.70,11.20,11.70,0,280050,0
PVF,20130131,11.60,11.70,11.30,11.60,1003820,11.60,11.70,11.30,11.60,42180,291760,42180
PVF,20130130,12.10,12.20,11.60,11.80,1141560,12.10,12.20,11.60,11.80,0,470040,196370
PVF,20130129,10.90,12.10,10.90,12.10,1463450,10.90,12.10,10.90,12.10,0,358620,20
PVF,20130128,12.40,12.50,11.40,11.40,2636890,12.40,12.50,11.40,11.40,0,222470,2000
PVF,20130125,11.90,12.50,11.60,12.20,1769220,11.90,12.50,11.60,12.20,0,298200,35000
PVF,20130124,11.30,11.70,11.30,11.70,999030,11.30,11.70,11.30,11.70,0,92340,0
PVF,20130123,10.30,11.00,10.30,11.00,1173820,10.30,11.00,10.30,11.00,0,92320,0
PVF,20130122,10.80,11.10,10.30,10.30,1001800,10.80,11.10,10.30,10.30,0,92360,0
PVF,20130121,11.40,11.50,10.90,11.00,487560,11.40,11.50,10.90,11.00,0,0,790
PVF,20130118,11.30,11.40,10.90,11.40,863400,11.30,11.40,10.90,11.40,0,93980,0
PVF,20130117,11.40,11.60,11.20,11.40,1277410,11.40,11.60,11.20,11.40,0,97360,5100
PVF,20130116,11.80,12.10,11.50,11.70,1724030,11.80,12.10,11.50,11.70,0,130300,5360
PVF,20130115,12.00,12.00,11.60,11.90,1717850,12.00,12.00,11.60,11.90,0,504030,200
PVF,20130114,11.30,11.50,11.00,11.50,1769490,11.30,11.50,11.00,11.50,0,364490,1000
PVF,20130111,11.00,11.00,11.00,11.00,1095590,11.00,11.00,11.00,11.00,0,392670,200
PVF,20130110,10.40,10.50,9.90,10.50,2388780,10.40,10.50,9.90,10.50,0,274170,27100
PVF,20130109,10.50,10.50,9.50,10.00,4278870,10.50,10.50,9.50,10.00,0,2768830,1200
PVF,20130108,10.00,10.00,10.00,10.00,155600,10.00,10.00,10.00,10.00,0,1860,100
PVF,20130107,9.60,9.60,9.60,9.60,164440,9.60,9.60,9.60,9.60,0,1650,470
PVF,20130104,9.00,9.20,8.90,9.20,970290,9.00,9.20,8.90,9.20,0,381970,200
PVF,20130103,8.80,8.80,8.70,8.80,2864690,8.80,8.80,8.70,8.80,50000,1196310,100
PVF,20130102,8.40,8.40,8.40,8.40,333050,8.40,8.40,8.40,8.40,0,28060,100
PVF,20121228,7.95,8.14,7.85,8.05,553930,8.30,8.50,8.20,8.40,0,47060,13430
PVF,20121227,7.86,8.14,7.76,7.95,1077220,8.20,8.50,8.10,8.30,100000,46060,100
PVF,20121226,7.67,7.96,7.57,7.76,731670,8.00,8.30,7.90,8.10,0,26000,0
PVF,20121225,7.77,7.86,7.67,7.67,733810,8.10,8.20,8.00,8.00,0,246920,2100
PVF,20121224,7.47,7.76,7.47,7.67,558360,7.80,8.10,7.80,8.00,0,131070,160260
PVF,20121221,7.76,7.76,7.48,7.47,2588510,8.10,8.10,7.80,7.80,0,1706840,89100
PVF,20121220,8.05,8.05,7.76,7.86,1579290,8.40,8.40,8.10,8.20,200000,1003770,0
PVF,20121219,7.96,8.05,7.67,7.95,1812370,8.30,8.40,8.00,8.30,0,749500,100000
PVF,20121218,7.86,7.86,7.67,7.86,3019900,8.20,8.20,8.00,8.20,0,840220,6820
PVF,20121217,7.28,7.57,7.28,7.57,2171130,7.60,7.90,7.60,7.90,0,194030,200
PVF,20121214,7.09,7.38,7.09,7.28,950630,7.40,7.70,7.40,7.60,0,34810,0
PVF,20121213,7.28,7.38,7.09,7.19,1035100,7.60,7.70,7.40,7.50,0,38800,0
PVF,20121212,7.09,7.48,7.09,7.28,1967940,7.40,7.80,7.40,7.60,0,34820,700
PVF,20121211,7.00,7.19,7.00,7.19,1036800,7.30,7.50,7.30,7.50,0,257380,0
PVF,20121210,6.99,7.19,6.90,7.00,1356300,7.30,7.50,7.20,7.30,0,0,1740
PVF,20121207,6.90,7.19,6.90,7.09,932530,7.20,7.50,7.20,7.40,0,58700,106760
PVF,20121206,7.00,7.10,6.90,7.00,372670,7.30,7.40,7.20,7.30,100000,100000,0
PVF,20121205,6.90,7.19,6.80,7.00,889230,7.20,7.50,7.10,7.30,0,11500,100
PVF,20121204,6.80,6.90,6.70,6.90,332010,7.10,7.20,7.00,7.20,0,0,23920
PVF,20121203,6.71,6.80,6.51,6.80,296070,7.00,7.10,6.80,7.10,200000,122630,0
PVF,20121130,6.71,6.81,6.61,6.61,88650,7.00,7.10,6.90,6.90,0,12860,0
PVF,20121129,6.61,6.71,6.61,6.71,98050,6.90,7.00,6.90,7.00,0,200,0
PVF,20121128,6.61,6.71,6.51,6.61,96510,6.90,7.00,6.80,6.90,102524,102724,102524
PVF,20121127,6.61,6.61,6.51,6.61,184710,6.90,6.90,6.80,6.90,0,280,10630
PVF,20121126,6.71,6.71,6.52,6.61,149590,7.00,7.00,6.80,6.90,0,200,4300
PVF,20121123,6.80,6.90,6.70,6.71,225920,7.10,7.20,7.00,7.00,0,0,12480
PVF,20121122,6.80,6.80,6.70,6.80,228590,7.10,7.10,7.00,7.10,0,0,60690
PVF,20121121,6.80,6.90,6.70,6.80,196160,7.10,7.20,7.00,7.10,0,100,50000
PVF,20121120,6.71,6.90,6.71,6.80,353700,7.00,7.20,7.00,7.10,0,0,50000
PVF,20121119,6.70,6.90,6.70,6.71,163090,7.00,7.20,7.00,7.00,0,0,50770
PVF,20121116,6.71,6.81,6.61,6.80,288740,7.00,7.10,6.90,7.10,164000,21720,4970
PVF,20121115,6.90,6.90,6.71,6.71,992110,7.20,7.20,7.00,7.00,60000,19000,50800
PVF,20121114,7.00,7.10,7.00,7.00,312790,7.30,7.40,7.30,7.30,0,0,36980
PVF,20121113,7.09,7.29,7.00,7.00,470780,7.40,7.60,7.30,7.30,0,0,30860
PVF,20121112,7.10,7.29,6.90,7.19,863200,7.40,7.60,7.20,7.50,0,0,138260
PVF,20121109,6.61,7.00,6.52,7.00,649590,6.90,7.30,6.80,7.30,0,1000,51800
PVF,20121108,6.71,6.81,6.52,6.71,310980,7.00,7.10,6.80,7.00,0,140810,50000
PVF,20121107,6.42,6.71,6.42,6.71,695050,6.70,7.00,6.70,7.00,0,136310,50000
PVF,20121106,6.42,6.52,6.23,6.42,226420,6.70,6.80,6.50,6.70,0,0,47580
PVF,20121105,6.42,6.62,6.42,6.42,300450,6.70,6.90,6.70,6.70,0,2920,41140
PVF,20121102,6.61,6.70,6.51,6.52,1035100,6.90,7.00,6.80,6.80,0,26300,6820
PVF,20121101,7.00,7.00,6.71,6.80,471840,7.30,7.30,7.00,7.10,0,18000,50000
PVF,20121031,6.90,6.90,6.71,6.90,449290,7.20,7.20,7.00,7.20,0,300,80000
PVF,20121030,7.10,7.10,6.81,6.90,404680,7.40,7.40,7.10,7.20,0,0,120000
PVF,20121029,6.90,7.10,6.90,7.00,293520,7.20,7.40,7.20,7.30,0,1200,940
PVF,20121026,6.90,7.09,6.90,7.00,381020,7.20,7.40,7.20,7.30,0,0,4480
PVF,20121025,7.19,7.19,6.90,6.90,893690,7.50,7.50,7.20,7.20,0,18200,526230
PVF,20121024,7.18,7.28,7.09,7.19,296350,7.50,7.60,7.40,7.50,0,35530,0
PVF,20121023,7.09,7.38,7.09,7.28,331860,7.40,7.70,7.40,7.60,0,45040,0
PVF,20121022,7.19,7.38,7.09,7.09,798370,7.50,7.70,7.40,7.40,0,35030,300050
PVF,20121019,7.66,7.76,7.38,7.38,936050,8.00,8.10,7.70,7.70,0,36040,0
PVF,20121018,7.67,7.77,7.57,7.76,389580,8.00,8.10,7.90,8.10,0,35030,0
PVF,20121017,7.66,7.76,7.57,7.67,835550,8.00,8.10,7.90,8.00,0,2000,0
PVF,20121016,7.38,7.48,7.29,7.47,532420,7.70,7.80,7.60,7.80,40000,0,45640
PVF,20121015,7.47,7.57,7.18,7.19,606760,7.80,7.90,7.50,7.50,0,0,260
PVF,20121012,7.37,7.57,7.28,7.47,813730,7.70,7.90,7.60,7.80,0,0,0
PVF,20121011,7.67,7.86,7.47,7.47,552180,8.00,8.20,7.80,7.80,0,0,600
PVF,20121010,7.37,7.76,7.28,7.57,868700,7.70,8.10,7.60,7.90,0,10020,12000
PVF,20121009,7.48,7.48,7.29,7.47,1639560,7.80,7.80,7.60,7.80,0,64870,101040
PVF,20121008,6.90,7.19,6.90,7.19,384190,7.20,7.50,7.20,7.50,0,116690,170
PVF,20121005,6.61,6.90,6.61,6.90,856380,6.90,7.20,6.90,7.20,0,162710,0
PVF,20121004,6.80,6.80,6.61,6.61,510820,7.10,7.10,6.90,6.90,0,0,0
PVF,20121003,6.90,7.00,6.61,6.80,584340,7.20,7.30,6.90,7.10,0,1260,11000
PVF,20121002,7.09,7.19,6.90,6.90,689610,7.40,7.50,7.20,7.20,0,500,0
PVF,20121001,7.37,7.47,7.18,7.19,446010,7.70,7.80,7.50,7.50,0,15700,0
PVF,20120928,7.67,7.67,7.48,7.47,290990,8.00,8.00,7.80,7.80,0,34610,107100
PVF,20120927,7.95,7.95,7.57,7.67,609360,8.30,8.30,7.90,8.00,0,16100,322200
PVF,20120926,7.76,8.05,7.76,7.95,286690,8.10,8.40,8.10,8.30,0,0,116040
PVF,20120925,7.85,7.95,7.66,7.76,244230,8.20,8.30,8.00,8.10,0,11000,37100
PVF,20120924,8.15,8.15,7.96,7.95,354730,8.50,8.50,8.30,8.30,0,1000,39700
PVF,20120921,8.05,8.33,7.85,8.34,807940,8.40,8.70,8.20,8.70,0,589330,87180
PVF,20120920,7.86,7.96,7.77,7.95,788570,8.20,8.30,8.10,8.30,0,234300,0
PVF,20120919,7.76,8.15,7.76,8.15,998850,8.10,8.50,8.10,8.50,0,394080,50000
PVF,20120918,8.33,8.43,8.05,8.05,1058590,8.70,8.80,8.40,8.40,0,128390,10
PVF,20120917,8.53,8.63,8.34,8.43,773860,8.90,9.00,8.70,8.80,0,182600,10000
PVF,20120914,8.33,8.33,8.24,8.34,1337150,8.70,8.70,8.60,8.70,0,24620,568620
PVF,20120913,7.96,8.34,7.96,7.95,2001700,8.30,8.70,8.30,8.30,0,32490,610840
PVF,20120912,8.62,8.81,8.24,8.34,583820,9.00,9.20,8.60,8.70,0,47590,40000
PVF,20120911,8.72,8.82,8.63,8.62,1270160,9.10,9.20,9.00,9.00,0,35440,410500
PVF,20120910,9.29,9.29,9.01,9.01,485210,9.70,9.70,9.40,9.40,0,41390,46410
PVF,20120907,9.30,9.39,9.20,9.39,246160,9.70,9.80,9.60,9.80,0,31290,0
PVF,20120906,9.39,9.58,9.20,9.20,396210,9.80,10.00,9.60,9.60,0,31490,0
PVF,20120905,10.06,10.06,9.58,9.58,817290,10.50,10.50,10.00,10.00,0,31290,50960
PVF,20120904,9.87,10.35,9.87,10.06,501640,10.30,10.80,10.30,10.50,0,100,80
PVF,20120831,9.58,10.06,9.49,10.06,684370,10.00,10.50,9.90,10.50,0,473290,0
PVF,20120830,9.49,9.78,9.39,9.68,485700,9.90,10.20,9.80,10.10,0,2810,20
PVF,20120829,9.29,9.48,9.29,9.49,540940,9.70,9.90,9.70,9.90,0,0,80000
PVF,20120828,9.10,9.39,9.10,9.10,1428040,9.50,9.80,9.50,9.50,0,5200,175500
PVF,20120827,9.87,9.87,9.58,9.58,381450,10.30,10.30,10.00,10.00,0,100,34330
PVF,20120824,9.77,10.63,9.77,10.06,2313110,10.20,11.10,10.20,10.50,0,1600,98990
PVF,20120823,10.25,10.35,10.25,10.25,223960,10.70,10.80,10.70,10.70,0,100,8010
PVF,20120822,10.73,10.92,10.73,10.73,1933070,11.20,11.40,11.20,11.20,0,10070,163540
PVF,20120821,11.50,11.50,11.21,11.21,1527510,12.00,12.00,11.70,11.70,0,42800,5600
PVF,20120820,11.89,11.98,11.69,11.79,699740,12.40,12.50,12.20,12.30,0,20500,610
PVF,20120817,11.69,11.88,11.69,11.79,508500,12.20,12.40,12.20,12.30,0,0,0
PVF,20120816,11.98,12.08,11.69,11.88,562740,12.50,12.60,12.20,12.40,0,19000,67410
PVF,20120815,11.70,12.18,11.70,11.98,2440100,12.20,12.70,12.20,12.50,250000,40000,40870
PVF,20120814,11.50,11.79,11.50,11.60,645480,12.00,12.30,12.00,12.10,0,20500,16520
PVF,20120813,11.50,11.50,11.31,11.50,518110,12.00,12.00,11.80,12.00,0,0,600
PVF,20120810,11.59,11.69,11.50,11.50,326400,12.10,12.20,12.00,12.00,0,0,69270
PVF,20120809,11.69,11.88,11.69,11.69,762610,12.20,12.40,12.20,12.20,0,0,31290
PVF,20120808,11.60,11.79,11.50,11.69,277660,12.10,12.30,12.00,12.20,0,10000,0
PVF,20120807,11.79,11.79,11.41,11.60,737420,12.30,12.30,11.90,12.10,0,0,0
PVF,20120806,11.40,11.88,11.40,11.79,913350,11.90,12.40,11.90,12.30,0,0,45140
PVF,20120803,11.31,11.50,11.21,11.40,322570,11.80,12.00,11.70,11.90,0,500,0
PVF,20120802,11.31,11.50,11.31,11.31,238760,11.80,12.00,11.80,11.80,0,10750,0
PVF,20120801,11.31,11.31,11.12,11.31,581860,11.80,11.80,11.60,11.80,0,0,31280
PVF,20120731,11.50,11.50,11.21,11.31,346530,12.00,12.00,11.70,11.80,0,0,0
PVF,20120730,11.21,11.40,11.11,11.31,490900,11.70,11.90,11.60,11.80,0,0,0
PVF,20120727,11.60,11.70,11.12,11.21,1232230,12.10,12.20,11.60,11.70,0,5500,0
PVF,20120726,11.50,11.69,11.31,11.60,726580,12.00,12.20,11.80,12.10,0,0,170
PVF,20120725,11.31,11.60,11.21,11.31,1204380,11.80,12.10,11.70,11.80,0,0,0
PVF,20120724,11.79,11.88,11.50,11.50,731750,12.30,12.40,12.00,12.00,20000,0,0
PVF,20120723,12.26,12.45,11.98,11.98,2359130,12.80,13.00,12.50,12.50,0,10000,4420
PVF,20120720,13.04,13.23,12.56,12.55,1537930,13.60,13.80,13.10,13.10,0,3000,107060
PVF,20120719,12.17,12.74,11.98,12.75,3112090,12.70,13.30,12.50,13.30,0,30000,36280
PVF,20120718,11.89,12.27,11.79,12.17,1262020,12.40,12.80,12.30,12.70,0,24420,0
PVF,20120717,11.31,11.79,11.31,11.79,977940,11.80,12.30,11.80,12.30,0,30000,60110
PVF,20120716,11.69,11.88,11.31,11.31,702580,12.20,12.40,11.80,11.80,0,0,0
PVF,20120713,11.21,11.79,11.21,11.69,1502570,11.70,12.30,11.70,12.20,0,50000,0
PVF,20120712,11.12,11.31,11.12,11.31,381250,11.60,11.80,11.60,11.80,0,0,5000
PVF,20120711,11.02,11.21,10.92,11.12,398850,11.50,11.70,11.40,11.60,0,0,0
PVF,20120710,11.02,11.21,10.92,10.92,538730,11.50,11.70,11.40,11.40,0,60000,119060
PVF,20120709,11.41,11.50,11.02,11.02,744030,11.90,12.00,11.50,11.50,0,0,146080
PVF,20120706,11.40,11.78,11.30,11.60,692510,11.90,12.30,11.80,12.10,0,0,0
PVF,20120705,11.02,11.40,10.83,11.40,598480,11.50,11.90,11.30,11.90,0,1200,2000
PVF,20120704,11.22,11.41,11.02,11.02,612350,11.70,11.90,11.50,11.50,0,0,0
PVF,20120703,11.40,11.50,11.02,11.12,905170,11.90,12.00,11.50,11.60,0,110100,0
PVF,20120702,11.88,11.88,11.40,11.40,529630,12.40,12.40,11.90,11.90,0,12000,170
PVF,20120629,11.69,11.98,11.69,11.88,469890,12.20,12.50,12.20,12.40,0,7000,0
PVF,20120628,11.50,11.79,11.31,11.69,634710,12.00,12.30,11.80,12.20,0,0,10000
PVF,20120627,11.79,12.08,11.50,11.50,1089540,12.30,12.60,12.00,12.00,0,0,86490
PVF,20120626,11.50,11.89,11.31,11.60,925880,12.00,12.40,11.80,12.10,0,500,90
PVF,20120625,12.07,12.27,11.69,11.79,1315840,12.60,12.80,12.20,12.30,0,0,0
PVF,20120622,12.36,12.46,12.08,12.17,1414190,12.90,13.00,12.60,12.70,0,50,16010
PVF,20120621,12.65,12.75,12.46,12.46,775170,13.20,13.30,13.00,13.00,0,27970,0
PVF,20120620,12.65,12.84,12.36,12.65,800020,13.20,13.40,12.90,13.20,0,20,0
PVF,20120619,12.84,12.93,12.46,12.55,1510960,13.40,13.50,13.00,13.10,0,37260,90
PVF,20120618,12.84,13.04,12.65,13.03,2476740,13.40,13.60,13.20,13.60,106762,737762,106862
PVF,20120615,11.98,12.45,11.98,12.46,1779940,12.50,13.00,12.50,13.00,0,698610,244110
PVF,20120614,11.97,12.26,11.78,11.88,1041390,12.50,12.80,12.30,12.40,0,0,114810
PVF,20120613,12.46,12.46,11.89,12.07,1374440,13.00,13.00,12.40,12.60,0,300,47770
PVF,20120612,12.65,12.84,12.27,12.27,1264760,13.20,13.40,12.80,12.80,25000,27500,32590
PVF,20120611,12.36,13.04,12.36,12.84,1667020,12.90,13.60,12.90,13.40,100000,102000,81890
PVF,20120608,12.74,12.93,12.36,12.46,1763550,13.30,13.50,12.90,13.00,0,0,71050
PVF,20120607,12.56,12.85,12.37,12.55,1548800,13.10,13.40,12.90,13.10,0,3000,76200
PVF,20120606,11.79,12.26,11.69,12.27,1830100,12.30,12.80,12.20,12.80,0,24270,1100
PVF,20120605,11.21,11.69,10.73,11.69,1439700,11.70,12.20,11.20,12.20,150000,20130,256110
PVF,20120604,11.50,11.60,11.21,11.21,1938020,12.00,12.10,11.70,11.70,40000,53340,54500
PVF,20120601,12.46,12.46,11.69,11.79,1067470,13.00,13.00,12.20,12.30,0,0,0
PVF,20120531,12.27,12.56,11.98,12.17,937260,12.80,13.10,12.50,12.70,0,0,39180
PVF,20120530,12.55,12.84,12.36,12.46,938920,13.10,13.40,12.90,13.00,0,60290,0
PVF,20120529,12.36,12.84,12.27,12.55,721080,12.90,13.40,12.80,13.10,0,51000,0
PVF,20120528,13.13,13.13,12.27,12.65,1490790,13.70,13.70,12.80,13.20,0,20100,1000
PVF,20120525,12.45,12.64,12.45,12.65,1401790,13.00,13.20,13.00,13.20,0,49720,179860
PVF,20120524,12.46,12.46,11.88,12.07,1538430,13.00,13.00,12.40,12.60,0,13350,150210
PVF,20120523,12.74,12.84,12.46,12.46,1280270,13.30,13.40,13.00,13.00,0,43260,1050
PVF,20120522,12.94,13.23,12.65,13.03,1610460,13.50,13.80,13.20,13.60,0,38000,0
PVF,20120521,12.17,12.74,12.17,12.75,1346240,12.70,13.30,12.70,13.30,60000,63000,513490
PVF,20120518,12.46,12.75,12.17,12.17,1378730,13.00,13.30,12.70,12.70,0,35600,74270
PVF,20120517,13.41,13.60,12.74,12.75,972080,14.00,14.20,13.30,13.30,0,61500,291550
PVF,20120516,13.61,13.90,12.94,13.22,2050360,14.20,14.50,13.50,13.80,0,135560,237330
PVF,20120515,13.90,14.28,13.61,13.61,1733290,14.50,14.90,14.20,14.20,0,103180,221990
PVF,20120514,14.66,14.95,14.28,14.28,1829240,15.30,15.60,14.90,14.90,0,49160,117490
PVF,20120511,15.33,15.33,14.76,14.95,1712880,16.00,16.00,15.40,15.60,0,82340,10
PVF,20120510,15.52,15.71,15.14,15.33,2185580,16.20,16.40,15.80,16.00,0,142340,55000
PVF,20120509,15.33,15.81,14.85,15.33,1917580,16.00,16.50,15.50,16.00,0,50140,10000
PVF,20120508,15.91,16.10,15.14,15.33,1683900,16.60,16.80,15.80,16.00,0,203220,90
PVF,20120507,15.14,15.43,15.05,15.43,2184840,15.80,16.10,15.70,16.10,0,383120,600
PVF,20120504,14.76,15.24,14.57,14.76,1778110,15.40,15.90,15.20,15.40,30000,120350,9000
PVF,20120503,14.85,15.04,14.18,14.76,1978890,15.50,15.70,14.80,15.40,0,175800,53020
PVF,20120502,15.05,15.72,14.76,14.85,1682820,15.70,16.40,15.40,15.50,0,236960,10960
PVF,20120427,14.56,15.04,14.08,15.05,1786240,15.20,15.70,14.70,15.70,100000,32360,225000
PVF,20120426,14.56,14.66,14.18,14.37,3155370,15.20,15.30,14.80,15.00,0,41290,25000
PVF,20120425,13.89,14.18,13.89,14.18,1826100,14.50,14.80,14.50,14.80,0,47350,150000
PVF,20120424,12.94,13.52,12.56,13.51,1217560,13.50,14.10,13.10,14.10,0,32440,0
PVF,20120423,13.13,13.23,12.75,12.94,957650,13.70,13.80,13.30,13.50,0,37360,90
PVF,20120420,13.04,13.32,12.75,12.94,1173870,13.60,13.90,13.30,13.50,0,32440,0
PVF,20120419,13.42,13.71,12.94,12.94,1295730,14.00,14.30,13.50,13.50,0,74790,167580
PVF,20120418,13.51,14.18,13.32,13.61,1694820,14.10,14.80,13.90,14.20,0,79360,72510
PVF,20120417,13.99,14.08,13.41,13.51,1353940,14.60,14.70,14.00,14.10,0,32360,32160
PVF,20120416,13.13,13.71,13.03,13.70,1375380,13.70,14.30,13.60,14.30,20000,32360,0
PVF,20120413,13.22,13.61,12.84,13.13,1695570,13.80,14.20,13.40,13.70,0,32360,54570
PVF,20120412,13.70,14.08,13.22,13.32,2195760,14.30,14.70,13.80,13.90,248000,46200,165370
PVF,20120411,13.70,13.89,13.32,13.70,1371020,14.30,14.50,13.90,14.30,0,36560,5000
PVF,20120410,13.22,13.79,13.12,13.32,2734610,13.80,14.40,13.70,13.90,0,33870,3100
PVF,20120409,12.94,13.22,12.55,13.22,1558380,13.50,13.80,13.10,13.80,0,43360,18000
PVF,20120406,12.84,13.22,12.84,12.84,1465950,13.40,13.80,13.40,13.40,0,0,10500
PVF,20120405,12.26,12.64,11.97,12.65,1350370,12.80,13.20,12.50,13.20,0,26360,10000
PVF,20120404,12.08,12.37,11.89,12.07,1880220,12.60,12.90,12.40,12.60,0,35350,20000
PVF,20120403,11.41,11.79,11.31,11.79,1458740,11.90,12.30,11.80,12.30,0,47350,10210
PVF,20120330,11.50,11.79,11.21,11.31,1352360,12.00,12.30,11.70,11.80,0,150470,3000
PVF,20120329,12.36,12.55,11.79,11.79,1458410,12.90,13.10,12.30,12.30,0,42850,83190
PVF,20120328,12.08,12.37,11.69,12.36,1409950,12.60,12.90,12.20,12.90,248000,49350,10000
PVF,20120327,12.55,13.13,12.27,12.27,2137960,13.10,13.70,12.80,12.80,100000,36860,30930
PVF,20120326,13.22,13.32,12.74,12.84,2384050,13.80,13.90,13.30,13.40,0,137880,30170
PVF,20120323,12.94,13.22,12.84,13.22,1871090,13.50,13.80,13.40,13.80,0,291320,15000
PVF,20120322,12.36,12.64,12.17,12.65,3364740,12.90,13.20,12.70,13.20,0,34370,44260
PVF,20120321,12.07,12.07,11.98,12.07,2248200,12.60,12.60,12.50,12.60,0,172370,12000
PVF,20120320,11.12,11.50,10.92,11.50,1633740,11.60,12.00,11.40,12.00,140000,186530,100
PVF,20120319,10.92,11.40,10.73,11.02,1146720,11.40,11.90,11.20,11.50,0,0,75280
PVF,20120316,11.60,11.60,11.02,11.02,2585630,12.10,12.10,11.50,11.50,0,48460,1716350
PVF,20120315,10.54,11.12,10.35,11.12,823200,11.00,11.60,10.80,11.60,124000,169980,277950
PVF,20120314,10.26,10.64,10.26,10.64,1135120,10.70,11.10,10.70,11.10,20000,284940,349220
PVF,20120313,10.45,10.55,9.97,10.16,2426690,10.90,11.00,10.40,10.60,0,2100,253330
PVF,20120312,10.92,10.92,10.44,10.45,1015280,11.40,11.40,10.90,10.90,0,0,266150
PVF,20120309,11.21,11.50,10.92,10.92,1242800,11.70,12.00,11.40,11.40,0,57430,0
PVF,20120308,11.50,11.98,11.40,11.40,1463360,12.00,12.50,11.90,11.90,0,40430,48380
PVF,20120307,11.98,12.17,11.40,11.98,1365580,12.50,12.70,11.90,12.50,90000,340020,4000
PVF,20120306,12.26,12.26,11.50,11.98,2277120,12.80,12.80,12.00,12.50,0,516360,5100
PVF,20120305,11.69,11.69,11.69,11.69,84400,12.20,12.20,12.20,12.20,30000,18360,100
PVF,20120302,10.63,11.21,10.54,11.21,1186590,11.10,11.70,11.00,11.70,20000,40440,0
PVF,20120301,10.64,10.93,10.35,10.73,817360,11.10,11.40,10.80,11.20,0,161670,0
PVF,20120229,10.06,10.64,9.97,10.64,923300,10.50,11.10,10.40,11.10,0,106940,136100
PVF,20120228,10.83,10.93,10.35,10.35,1446970,11.30,11.40,10.80,10.80,0,147990,2000
PVF,20120227,10.45,10.93,10.26,10.83,1098580,10.90,11.40,10.70,11.30,0,60110,10370
PVF,20120224,10.44,10.54,10.44,10.45,1124600,10.90,11.00,10.90,10.90,20000,49320,25840
PVF,20120223,10.06,10.06,9.96,10.06,1081880,10.50,10.50,10.40,10.50,158000,21620,10000
PVF,20120222,9.20,9.58,9.20,9.58,622160,9.60,10.00,9.60,10.00,0,40340,0
PVF,20120221,9.39,9.39,9.11,9.20,1547480,9.80,9.80,9.50,9.60,25000,42340,3020
PVF,20120220,9.00,9.00,9.00,9.01,234920,9.40,9.40,9.40,9.40,0,0,5000
PVF,20120217,8.43,8.62,8.43,8.62,529480,8.80,9.00,8.80,9.00,0,40320,0
PVF,20120216,8.15,8.63,8.15,8.24,234290,8.50,9.00,8.50,8.60,0,75450,0
PVF,20120215,8.53,8.72,8.34,8.34,409890,8.90,9.10,8.70,8.70,0,43920,7000
PVF,20120214,8.33,8.72,8.33,8.72,542690,8.70,9.10,8.70,9.10,0,114150,0
PVF,20120213,8.53,8.63,8.44,8.43,400640,8.90,9.00,8.80,8.80,20000,53460,0
PVF,20120210,9.01,9.10,8.82,8.82,653200,9.40,9.50,9.20,9.20,0,170710,0
PVF,20120209,9.01,9.39,9.01,9.20,710150,9.40,9.80,9.40,9.60,0,43420,10000
PVF,20120208,8.62,9.00,8.62,9.01,691580,9.00,9.40,9.00,9.40,0,88120,0
PVF,20120207,8.82,8.82,8.43,8.62,559460,9.20,9.20,8.80,9.00,0,130900,0
PVF,20120206,8.43,8.82,8.15,8.72,812280,8.80,9.20,8.50,9.10,98000,121830,2710
PVF,20120203,8.62,8.62,8.24,8.53,1599820,9.00,9.00,8.60,8.90,0,194380,0
PVF,20120202,8.24,8.24,8.15,8.24,168060,8.60,8.60,8.50,8.60,0,13730,0
PVF,20120201,7.67,7.86,7.57,7.86,521170,8.00,8.20,7.90,8.20,50000,80180,8000
PVF,20120131,7.57,7.57,7.47,7.57,483500,7.90,7.90,7.80,7.90,110000,42840,0
PVF,20120130,7.10,7.29,7.00,7.28,252970,7.40,7.60,7.30,7.60,0,50340,0
PVF,20120120,6.90,7.00,6.81,7.00,695580,7.20,7.30,7.10,7.30,0,197970,0
PVF,20120119,6.52,6.71,6.42,6.71,395430,6.80,7.00,6.70,7.00,0,35360,0
PVF,20120118,6.52,6.62,6.42,6.42,90940,6.80,6.90,6.70,6.70,0,41970,0
PVF,20120117,6.42,6.62,6.42,6.52,194860,6.70,6.90,6.70,6.80,0,78110,510
PVF,20120116,6.42,6.71,6.42,6.52,451580,6.70,7.00,6.70,6.80,0,45800,12230
PVF,20120113,6.33,6.42,6.23,6.42,197100,6.60,6.70,6.50,6.70,0,41070,0
PVF,20120112,6.32,6.42,6.22,6.23,159020,6.60,6.70,6.50,6.50,0,50470,0
PVF,20120111,6.62,6.71,6.33,6.32,278960,6.90,7.00,6.60,6.60,0,3000,0
PVF,20120110,6.13,6.52,6.13,6.52,464910,6.40,6.80,6.40,6.80,0,5000,102370
PVF,20120109,6.22,6.51,6.13,6.23,198340,6.50,6.80,6.40,6.50,0,4290,80
PVF,20120106,6.61,6.61,6.32,6.32,369170,6.90,6.90,6.60,6.60,0,0,0
PVF,20120105,6.80,6.80,6.61,6.61,194610,7.10,7.10,6.90,6.90,0,0,0
PVF,20120104,6.99,7.09,6.80,6.80,188610,7.30,7.40,7.10,7.10,0,0,0
PVF,20120103,7.00,7.19,6.90,7.09,270320,7.30,7.50,7.20,7.40,0,47180,81050
PVF,20111230,6.90,7.00,6.71,6.90,334390,7.20,7.30,7.00,7.20,0,40310,63050
PVF,20111229,6.80,6.80,6.51,6.71,191940,7.10,7.10,6.80,7.00,0,40310,0
PVF,20111228,6.61,7.00,6.61,6.80,647790,6.90,7.30,6.90,7.10,0,40310,221400
PVF,20111227,6.90,6.90,6.90,6.90,284430,7.20,7.20,7.20,7.20,80000,41140,92170
PVF,20111226,7.28,7.37,7.18,7.19,407420,7.60,7.70,7.50,7.50,0,0,137830
PVF,20111223,7.48,7.67,7.48,7.47,511510,7.80,8.00,7.80,7.80,0,140,182950
PVF,20111222,8.24,8.34,7.86,7.86,588230,8.60,8.70,8.20,8.20,0,30000,380140
PVF,20111221,8.63,8.63,8.24,8.24,243650,9.00,9.00,8.60,8.60,0,48260,80000
PVF,20111220,8.43,8.62,8.33,8.34,179120,8.80,9.00,8.70,8.70,0,13400,170
PVF,20111219,8.82,8.92,8.63,8.62,194070,9.20,9.30,9.00,9.00,140000,55480,22500
PVF,20111216,8.53,8.81,8.43,8.82,1199790,8.90,9.20,8.80,9.20,0,800440,90000
PVF,20111215,8.43,8.43,8.15,8.43,580620,8.80,8.80,8.50,8.80,0,365230,0
PVF,20111214,8.43,8.62,8.33,8.53,640180,8.80,9.00,8.70,8.90,0,455180,6520
PVF,20111213,8.53,8.62,8.43,8.43,352160,8.90,9.00,8.80,8.80,60000,169830,0
PVF,20111212,8.53,8.63,8.43,8.43,405580,8.90,9.00,8.80,8.80,0,147680,10
PVF,20111209,8.62,8.62,8.43,8.53,352950,9.00,9.00,8.80,8.90,60000,9770,0
PVF,20111208,8.91,9.01,8.72,8.72,263570,9.30,9.40,9.10,9.10,0,0,123420
PVF,20111207,9.01,9.11,8.82,8.91,261730,9.40,9.50,9.20,9.30,60000,0,26300
PVF,20111206,9.39,9.48,9.00,9.01,594160,9.80,9.90,9.40,9.40,0,27370,3000
PVF,20111205,8.91,9.10,8.91,9.10,667210,9.30,9.50,9.30,9.50,60000,0,189820
PVF,20111202,8.52,8.72,8.52,8.72,213800,8.90,9.10,8.90,9.10,0,100,42730
PVF,20111201,8.63,8.72,8.43,8.62,228750,9.00,9.10,8.80,9.00,65000,0,53000
PVF,20111130,8.62,8.81,8.33,8.53,407630,9.00,9.20,8.70,8.90,0,12250,249200
PVF,20111129,8.82,8.92,8.63,8.62,227920,9.20,9.30,9.00,9.00,55000,0,8400
PVF,20111128,8.82,9.10,8.82,8.82,378660,9.20,9.50,9.20,9.20,0,0,89370
PVF,20111125,8.82,8.82,8.53,8.72,229440,9.20,9.20,8.90,9.10,55000,0,38100
PVF,20111124,9.00,9.10,8.81,8.82,300620,9.40,9.50,9.20,9.20,0,0,38420
PVF,20111123,8.82,9.10,8.82,9.10,465810,9.20,9.50,9.20,9.50,50000,63190,0
PVF,20111122,8.43,8.81,8.33,8.72,259030,8.80,9.20,8.70,9.10,45000,94770,55000
PVF,20111121,8.72,8.92,8.53,8.62,404260,9.10,9.30,8.90,9.00,50000,0,60060
PVF,20111118,9.10,9.10,8.72,8.82,419970,9.50,9.50,9.10,9.20,0,0,61580
PVF,20111117,9.49,9.49,9.11,9.10,697460,9.90,9.90,9.50,9.50,80000,85550,530300
PVF,20111116,9.20,9.58,9.20,9.49,397160,9.60,10.00,9.60,9.90,34000,44110,169000
PVF,20111115,9.58,9.58,9.01,9.20,758130,10.00,10.00,9.40,9.60,84000,171020,344440
PVF,20111114,9.87,9.87,9.39,9.39,920240,10.30,10.30,9.80,9.80,34110,34110,318420
PVF,20111111,10.54,10.54,9.87,9.87,354090,11.00,11.00,10.30,10.30,35000,0,72290
PVF,20111110,10.63,10.63,10.35,10.35,439390,11.10,11.10,10.80,10.80,50000,6520,115250
PVF,20111109,11.02,11.02,10.73,10.73,239830,11.50,11.50,11.20,11.20,40000,8000,82000
PVF,20111108,10.73,11.11,10.63,10.92,300730,11.20,11.60,11.10,11.40,60000,4000,41750
PVF,20111107,11.02,11.12,10.64,10.73,348530,11.50,11.60,11.10,11.20,35000,32970,100860
PVF,20111104,11.50,11.50,11.02,11.02,182020,12.00,12.00,11.50,11.50,45000,3330,2500
PVF,20111103,11.12,11.31,10.83,11.31,406800,11.60,11.80,11.30,11.80,45000,300,0
PVF,20111102,11.50,11.50,11.02,11.02,737940,12.00,12.00,11.50,11.50,60000,183070,440000
PVF,20111101,11.69,11.98,11.31,11.50,637170,12.20,12.50,11.80,12.00,35000,25000,278340
PVF,20111031,12.45,12.45,11.69,11.69,627340,13.00,13.00,12.20,12.20,45000,1000,100850
PVF,20111028,11.59,11.88,11.50,11.88,818960,12.10,12.40,12.00,12.40,40000,6000,93500
PVF,20111027,11.50,11.50,11.30,11.40,202050,12.00,12.00,11.80,11.90,50000,44110,100000
PVF,20111026,11.21,11.50,11.21,11.40,220520,11.70,12.00,11.70,11.90,20000,137280,0
PVF,20111025,11.30,11.50,11.21,11.31,351840,11.80,12.00,11.70,11.80,46000,106490,105120
PVF,20111024,11.50,11.69,11.31,11.40,821390,12.00,12.20,11.80,11.90,0,72580,350000
PVF,20111021,10.83,11.21,10.83,11.21,281930,11.30,11.70,11.30,11.70,58000,80010,100000
PVF,20111020,11.02,11.02,10.73,10.73,248500,11.50,11.50,11.20,11.20,0,0,100000
PVF,20111019,11.31,11.31,10.83,10.92,345100,11.80,11.80,11.30,11.40,80730,2000,179050
PVF,20111018,11.30,11.30,11.02,11.12,211060,11.80,11.80,11.50,11.60,0,3600,0
PVF,20111017,11.40,11.50,11.21,11.40,146770,11.90,12.00,11.70,11.90,58000,26330,0
PVF,20111014,11.60,11.79,11.40,11.40,158150,12.10,12.30,11.90,11.90,0,0,0
PVF,20111013,11.60,11.69,11.31,11.50,244270,12.10,12.20,11.80,12.00,80730,300,0
PVF,20111012,11.88,11.88,11.50,11.50,428100,12.40,12.40,12.00,12.00,40000,100,0
PVF,20111011,12.17,12.27,11.98,12.07,322290,12.70,12.80,12.50,12.60,0,0,149270
PVF,20111010,12.17,12.27,11.88,12.17,184640,12.70,12.80,12.40,12.70,38000,19810,0
PVF,20111007,12.56,12.56,12.17,12.17,405160,13.10,13.10,12.70,12.70,0,0,148760
PVF,20111006,12.07,12.55,12.07,12.46,421770,12.60,13.10,12.60,13.00,30000,0,186520
PVF,20111005,12.07,12.36,11.88,12.07,356950,12.60,12.90,12.40,12.60,0,0,152390
PVF,20111004,12.17,12.46,11.98,12.07,402750,12.70,13.00,12.50,12.60,0,300,68260
PVF,20111003,12.56,12.85,12.27,12.36,361140,13.10,13.40,12.80,12.90,0,34130,0
PVF,20110930,12.93,13.13,12.74,12.75,326980,13.50,13.70,13.30,13.30,0,10240,0
PVF,20110929,13.03,13.13,12.65,13.03,561250,13.60,13.70,13.20,13.60,0,34130,23200
PVF,20110928,13.41,13.51,13.12,13.13,489680,14.00,14.10,13.70,13.70,50000,60,143780
PVF,20110927,13.03,13.51,12.93,13.22,500060,13.60,14.10,13.50,13.80,0,34140,42800
PVF,20110926,13.42,13.71,13.03,13.03,533630,14.00,14.30,13.60,13.60,50000,23100,302970
PVF,20110923,13.42,14.19,13.42,13.61,314890,14.00,14.80,14.00,14.20,0,0,3200
PVF,20110922,13.03,13.60,13.03,13.61,422790,13.60,14.20,13.60,14.20,100000,34110,58070
PVF,20110921,13.82,13.92,12.96,13.03,715200,14.40,14.50,13.50,13.60,0,34100,255740
PVF,20110920,13.89,13.89,13.34,13.34,889540,15.10,15.10,14.50,14.50,0,38100,51680
PVF,20110919,13.52,14.17,13.34,13.98,283010,14.70,15.40,14.50,15.20,0,27350,430
PVF,20110916,14.53,14.62,13.89,13.89,604530,15.80,15.90,15.10,15.10,680000,780400,680000
PVF,20110915,13.80,14.72,13.62,14.53,1247890,15.00,16.00,14.80,15.80,280000,543940,287860
PVF,20110914,14.53,14.53,14.26,14.26,2304450,15.80,15.80,15.50,15.50,250000,456340,355100
PVF,20110913,13.88,13.88,13.88,13.89,139140,15.10,15.10,15.10,15.10,275000,125000,315700
PVF,20110912,13.06,13.24,12.87,13.24,667440,14.20,14.40,14.00,14.40,79000,79000,397480
PVF,20110909,12.79,13.15,12.69,12.69,862010,13.90,14.30,13.80,13.80,20000,61670,281580
PVF,20110908,13.43,13.52,12.97,12.97,837910,14.60,14.70,14.10,14.10,168000,62440,0
PVF,20110907,12.60,12.87,12.41,12.88,717970,13.70,14.00,13.50,14.00,0,27290,240190
PVF,20110906,12.79,12.79,12.33,12.32,407210,13.90,13.90,13.40,13.40,0,0,20000
PVF,20110905,12.60,13.06,12.51,12.97,1131450,13.70,14.20,13.60,14.10,0,1000,49910
PVF,20110901,12.14,12.51,12.14,12.51,803590,13.20,13.60,13.20,13.60,20000,0,30
PVF,20110831,12.23,12.41,11.95,11.96,963930,13.30,13.50,13.00,13.00,148000,0,665960
PVF,20110830,12.60,12.69,12.14,12.23,812130,13.70,13.80,13.20,13.30,0,50940,379900
PVF,20110829,11.77,12.14,11.68,12.14,494240,12.80,13.20,12.70,13.20,0,14610,78580
PVF,20110826,11.77,12.05,11.59,11.59,253230,12.80,13.10,12.60,12.60,0,5100,27300
PVF,20110825,11.59,11.78,11.32,11.77,267760,12.60,12.80,12.30,12.80,0,0,120
PVF,20110824,11.87,12.05,11.50,11.50,713890,12.90,13.10,12.50,12.50,0,155540,199010
PVF,20110823,11.68,11.86,11.40,11.59,407620,12.70,12.90,12.40,12.60,0,220,1800
PVF,20110822,11.50,11.68,11.50,11.68,238100,12.50,12.70,12.50,12.70,0,0,55310
PVF,20110819,11.31,11.68,11.13,11.13,316420,12.30,12.70,12.10,12.10,0,100,54540
PVF,20110818,11.22,11.59,11.13,11.59,675440,12.20,12.60,12.10,12.60,0,130290,240830
PVF,20110817,10.67,11.04,10.58,11.04,543670,11.60,12.00,11.50,12.00,200000,0,347030
PVF,20110816,10.58,10.76,10.58,10.58,159500,11.50,11.70,11.50,11.50,22120,24770,127700
PVF,20110815,10.58,10.67,10.58,10.58,132700,11.50,11.60,11.50,11.50,0,10000,70630
PVF,20110812,10.58,10.86,10.40,10.67,195500,11.50,11.80,11.30,11.60,50000,17580,47390
PVF,20110811,10.30,10.49,10.21,10.49,212200,11.20,11.40,11.10,11.40,0,0,27270
PVF,20110810,10.85,11.13,10.57,10.58,365060,11.80,12.10,11.50,11.50,0,9000,199280
PVF,20110809,10.95,11.04,10.86,10.85,182260,11.90,12.00,11.80,11.80,0,500,170
PVF,20110808,11.41,11.96,11.41,11.41,325090,12.40,13.00,12.40,12.40,0,0,218770
PVF,20110805,12.23,12.41,11.77,11.96,257790,13.30,13.50,12.80,13.00,0,0,82850
PVF,20110804,12.05,12.23,11.86,12.23,317970,13.10,13.30,12.90,13.30,0,450,57890
PVF,20110803,11.95,12.14,11.68,11.68,438310,13.00,13.20,12.70,12.70,0,20000,114000
PVF,20110802,12.50,12.78,12.23,12.23,273150,13.60,13.90,13.30,13.30,31170,500,77000
PVF,20110801,13.34,13.34,12.79,12.78,204790,14.50,14.50,13.90,13.90,0,20,116540
PVF,20110729,13.70,13.70,13.24,13.34,232700,14.90,14.90,14.40,14.50,0,116550,101270
PVF,20110728,13.61,13.98,13.61,13.61,169050,14.80,15.20,14.80,14.80,0,4000,52000
PVF,20110727,13.52,13.70,13.15,13.61,330940,14.70,14.90,14.30,14.80,0,90,98660
PVF,20110726,13.89,14.16,13.70,13.70,156110,15.10,15.40,14.90,14.90,0,0,40000
PVF,20110725,14.07,14.16,13.98,13.98,74130,15.30,15.40,15.20,15.20,0,1100,21100
PVF,20110722,14.35,14.35,13.98,14.16,137480,15.60,15.60,15.20,15.40,0,0,41000
PVF,20110721,14.63,14.81,14.26,14.26,218570,15.90,16.10,15.50,15.50,0,200,0
PVF,20110720,13.70,14.34,13.70,14.35,264490,14.90,15.60,14.90,15.60,0,57340,0
PVF,20110719,14.26,14.26,13.71,13.70,294910,15.50,15.50,14.90,14.90,22000,0,195110
PVF,20110718,14.35,14.53,14.07,14.26,234880,15.60,15.80,15.30,15.50,0,0,195530
PVF,20110715,15.17,15.27,14.25,14.53,193010,16.50,16.60,15.50,15.80,0,0,137430
PVF,20110714,14.63,14.99,14.44,14.99,268980,15.90,16.30,15.70,16.30,0,0,35000
PVF,20110713,14.35,14.72,14.07,14.35,178120,15.60,16.00,15.30,15.60,0,10,122640
PVF,20110712,14.80,15.08,14.34,14.35,291650,16.10,16.40,15.60,15.60,0,100,183990
PVF,20110711,15.46,15.64,15.00,15.08,155660,16.80,17.00,16.30,16.40,0,100,92340
PVF,20110708,16.01,16.01,15.55,15.64,276900,17.40,17.40,16.90,17.00,0,0,175200
PVF,20110707,16.18,16.55,16.09,16.10,124440,17.60,18.00,17.50,17.50,0,250,72500
PVF,20110706,17.01,17.01,16.37,16.46,73930,18.50,18.50,17.80,17.90,0,0,21000
PVF,20110705,16.83,17.11,16.46,16.83,283150,18.30,18.60,17.90,18.30,0,100,73110
PVF,20110704,16.28,16.65,16.19,16.37,176570,17.70,18.10,17.60,17.80,0,0,12430
PVF,20110701,17.39,17.75,16.74,17.02,98300,18.90,19.30,18.20,18.50,0,0,0
PVF,20110630,18.21,18.21,17.57,17.57,94360,19.80,19.80,19.10,19.10,0,0,53000
PVF,20110629,17.94,18.21,17.57,18.21,92770,19.50,19.80,19.10,19.80,0,16650,31920
PVF,20110628,18.21,18.39,18.02,18.03,86280,19.80,20.00,19.60,19.60,0,0,10000
PVF,20110627,18.39,18.76,18.30,18.30,109540,20.00,20.40,19.90,19.90,0,0,46800
PVF,20110624,18.67,18.85,18.21,18.21,216020,20.30,20.50,19.80,19.80,0,0,183190
PVF,20110623,19.13,19.31,18.67,18.67,86220,20.80,21.00,20.30,20.30,0,0,54500
PVF,20110622,19.32,19.69,18.95,19.59,164220,21.00,21.40,20.60,21.30,0,142890,27280
PVF,20110621,18.40,18.95,18.12,18.95,241700,20.00,20.60,19.70,20.60,0,81410,143100
PVF,20110620,18.76,19.13,18.12,18.12,149760,20.40,20.80,19.70,19.70,0,0,46200
PVF,20110617,19.40,19.68,18.76,18.76,530260,21.10,21.40,20.40,20.40,0,220430,490980
PVF,20110616,19.13,19.87,19.13,19.68,183090,20.80,21.60,20.80,21.40,0,89680,152010
PVF,20110615,20.24,20.24,19.04,19.13,239840,22.00,22.00,20.70,20.80,0,82470,186540
PVF,20110614,19.32,20.42,19.32,19.96,273090,21.00,22.20,21.00,21.70,0,45000,130990
PVF,20110613,20.24,20.24,19.50,19.50,182410,22.00,22.00,21.20,21.20,150000,10000,136320
PVF,20110610,21.16,21.43,20.24,20.24,88060,23.00,23.30,22.00,22.00,0,0,32780
PVF,20110609,20.70,21.16,20.70,20.88,58750,22.50,23.00,22.50,22.70,0,33200,0
PVF,20110608,21.16,21.16,20.51,20.79,78220,23.00,23.00,22.30,22.60,0,57530,10000
PVF,20110607,20.61,20.79,20.61,20.79,130510,22.40,22.60,22.40,22.60,0,58820,2850
PVF,20110606,19.50,19.96,19.31,19.87,65040,21.20,21.70,21.00,21.60,0,31410,32880
PVF,20110603,20.69,21.43,20.05,20.05,275380,22.50,23.30,21.80,21.80,0,181430,87150
PVF,20110602,21.06,21.06,20.60,21.06,158630,22.90,22.90,22.40,22.90,0,101010,0
PVF,20110601,19.22,20.14,18.85,20.14,142750,20.90,21.90,20.50,21.90,0,66240,2000
PVF,20110531,18.95,19.78,18.49,19.22,54330,20.60,21.50,20.10,20.90,0,32760,0
PVF,20110530,19.04,19.87,18.95,18.95,57820,20.70,21.60,20.60,20.60,0,30000,170
PVF,20110527,19.78,19.87,18.95,19.87,98380,21.50,21.60,20.60,21.60,0,58760,2000
PVF,20110526,17.29,18.95,17.29,18.95,491080,18.80,20.60,18.80,20.60,0,202000,85930
PVF,20110525,18.12,18.12,18.12,18.12,48210,19.70,19.70,19.70,19.70,0,20000,32430
PVF,20110524,19.04,19.13,19.04,19.04,53340,20.70,20.80,20.70,20.70,0,20000,24670
PVF,20110523,20.05,20.33,19.96,19.96,212980,21.80,22.10,21.70,21.70,0,40520,68240
PVF,20110520,21.24,21.89,20.97,20.97,196450,23.10,23.80,22.80,22.80,0,121100,63620
PVF,20110519,22.35,22.71,22.07,22.07,295290,24.30,24.70,24.00,24.00,0,183330,0
PVF,20110518,21.43,22.07,20.69,22.07,224060,23.30,24.00,22.50,24.00,0,127750,64390
PVF,20110517,20.78,21.70,20.78,21.52,287260,22.60,23.60,22.60,23.40,0,201920,109350
PVF,20110516,21.16,21.89,20.97,21.06,317120,23.00,23.80,22.80,22.90,150000,182750,23040
PVF,20110513,20.42,20.97,20.14,20.88,220820,22.20,22.80,21.90,22.70,0,131330,100
PVF,20110512,20.23,20.23,20.14,20.14,124000,22.00,22.00,21.90,21.90,0,116840,0
PVF,20110511,20.24,20.24,19.78,20.14,126820,22.00,22.00,21.50,21.90,0,72750,0
PVF,20110510,19.96,20.33,19.78,20.24,238950,21.70,22.10,21.50,22.00,0,155750,100
PVF,20110509,19.14,19.78,19.14,19.78,143650,20.80,21.50,20.80,21.50,0,110690,1110
PVF,20110506,19.04,19.32,18.86,19.32,105670,20.70,21.00,20.50,21.00,150000,73030,0
PVF,20110505,19.04,19.13,18.67,19.04,89180,20.70,20.80,20.30,20.70,25000,74430,0
PVF,20110504,18.76,19.40,18.76,19.04,103760,20.40,21.10,20.40,20.70,0,50420,740
PVF,20110429,18.58,18.86,18.58,18.76,90330,20.20,20.50,20.20,20.40,0,74830,0
PVF,20110428,18.67,18.67,18.40,18.58,78100,20.30,20.30,20.00,20.20,0,59140,0
PVF,20110427,18.21,18.58,18.21,18.58,144980,19.80,20.20,19.80,20.20,0,123050,1380
PVF,20110426,18.02,18.67,18.02,18.21,210880,19.60,20.30,19.60,19.80,0,181550,0
PVF,20110425,17.94,18.31,17.76,18.30,84800,19.50,19.90,19.30,19.90,0,56730,0
PVF,20110422,17.76,18.49,17.48,17.48,79170,19.30,20.10,19.00,19.00,0,0,0
PVF,20110421,18.86,18.86,17.94,17.94,130840,20.50,20.50,19.50,19.50,80000,92680,100000
PVF,20110420,18.21,18.86,18.12,18.86,322330,19.80,20.50,19.70,20.50,0,241470,11000
PVF,20110419,17.48,18.31,17.20,18.03,171240,19.00,19.90,18.70,19.60,0,142110,0
PVF,20110418,18.03,18.30,17.48,17.48,210820,19.60,19.90,19.00,19.00,0,103630,760
PVF,20110415,18.67,18.94,18.12,18.12,254160,20.30,20.60,19.70,19.70,0,104130,0
PVF,20110414,18.76,19.13,18.76,18.76,155190,20.40,20.80,20.40,20.40,0,82680,3000
PVF,20110413,19.31,19.50,19.04,19.13,89080,21.00,21.20,20.70,20.80,0,64040,250
PVF,20110408,18.58,19.32,18.58,19.22,224310,20.20,21.00,20.20,20.90,0,173930,0
PVF,20110407,19.32,19.41,18.86,18.86,221030,21.00,21.10,20.50,20.50,0,73010,0
PVF,20110406,18.40,19.32,18.40,19.32,295670,20.00,21.00,20.00,21.00,0,62680,0
PVF,20110405,18.77,18.77,18.31,18.40,110100,20.40,20.40,19.90,20.00,0,62680,0
PVF,20110404,18.77,18.77,18.49,18.49,137530,20.40,20.40,20.10,20.10,0,110470,0
PVF,20110401,19.04,19.04,18.49,18.49,207450,20.70,20.70,20.10,20.10,0,41610,0
PVF,20110331,18.86,19.32,18.86,18.95,66790,20.50,21.00,20.50,20.60,0,40130,0
PVF,20110330,18.30,18.95,18.21,18.86,203310,19.90,20.60,19.80,20.50,0,75310,0
PVF,20110329,19.22,19.32,18.67,18.67,158630,20.90,21.00,20.30,20.30,0,32680,0
PVF,20110328,19.32,19.50,18.95,19.04,123620,21.00,21.20,20.60,20.70,0,32680,310
PVF,20110325,19.32,19.50,18.95,18.95,205200,21.00,21.20,20.60,20.60,40000,37180,0
PVF,20110324,19.96,19.96,19.31,19.32,323180,21.70,21.70,21.00,21.00,0,72690,0
PVF,20110323,19.87,20.05,19.59,20.05,217820,21.60,21.80,21.30,21.80,0,140840,2000
PVF,20110322,20.14,20.14,19.59,19.59,117950,21.90,21.90,21.30,21.30,0,7910,16100
PVF,20110321,20.15,20.42,19.78,20.14,306110,21.90,22.20,21.50,21.90,0,26500,40890
PVF,20110318,20.14,20.42,19.22,19.78,973000,21.90,22.20,20.90,21.50,40000,0,873650
PVF,20110317,19.59,20.23,19.13,20.14,484590,21.30,22.00,20.80,21.90,0,20000,354020
PVF,20110316,20.23,20.23,19.50,19.59,167200,22.00,22.00,21.20,21.30,120000,140000,190870
PVF,20110315,19.59,20.42,19.50,20.05,641580,21.30,22.20,21.20,21.80,0,190000,297970
PVF,20110314,21.15,21.15,20.42,20.42,249240,23.00,23.00,22.20,22.20,82000,82000,93340
PVF,20110311,21.43,21.43,21.43,21.43,305630,23.30,23.30,23.30,23.30,0,70580,0
PVF,20110310,19.59,20.42,19.59,20.42,221980,21.30,22.20,21.30,22.20,0,35650,0
PVF,20110309,19.68,20.24,18.86,19.50,223590,21.40,22.00,20.50,21.20,0,75270,0
PVF,20110308,18.76,19.50,18.76,19.50,566800,20.40,21.20,20.40,21.20,30000,92110,30000
PVF,20110307,18.39,18.67,18.39,18.58,211940,20.00,20.30,20.00,20.20,0,37360,0
PVF,20110304,18.21,18.67,18.12,18.21,175830,19.80,20.30,19.70,19.80,0,38360,0
PVF,20110303,18.31,18.86,18.12,18.12,135610,19.90,20.50,19.70,19.70,50000,37350,0
PVF,20110302,19.78,19.78,18.95,18.95,324060,21.50,21.50,20.60,20.60,0,37450,6600
PVF,20110301,19.04,19.96,18.95,19.87,213890,20.70,21.70,20.60,21.60,0,37350,260
PVF,20110228,20.33,21.07,19.32,19.32,416960,22.10,22.90,21.00,21.00,0,42360,197460
PVF,20110225,19.32,20.33,19.23,20.33,318690,21.00,22.10,20.90,22.10,0,32850,13740
PVF,20110224,19.78,19.78,19.41,19.41,608710,21.50,21.50,21.10,21.10,0,37290,209870
PVF,20110223,21.16,21.52,20.42,20.42,605390,23.00,23.40,22.20,22.20,0,73550,249780
PVF,20110222,21.34,21.98,21.34,21.34,344270,23.20,23.90,23.20,23.20,0,37280,123250
PVF,20110221,22.63,22.81,22.45,22.44,117240,24.60,24.80,24.40,24.40,50000,1500,10000
PVF,20110218,23.91,24.19,23.27,23.55,250240,26.00,26.30,25.30,25.60,0,152750,0
PVF,20110217,23.36,24.09,23.27,23.73,215200,25.40,26.20,25.30,25.80,0,109560,0
PVF,20110216,25.11,25.11,23.91,23.91,315040,27.30,27.30,26.00,26.00,0,103270,5000
PVF,20110215,23.27,25.11,22.81,25.11,388010,25.30,27.30,24.80,27.30,0,56370,30510
PVF,20110214,25.11,25.11,23.91,23.91,338560,27.30,27.30,26.00,26.00,0,37260,47830
PVF,20110211,25.66,25.66,25.11,25.11,204320,27.90,27.90,27.30,27.30,20000,41230,0
PVF,20110210,25.63,25.72,25.26,25.29,670420,27.90,28.00,27.50,27.50,0,93810,61800
PVF,20110209,25.60,25.60,24.45,24.53,784950,33.40,33.40,31.90,32.00,0,83050,10000
PVF,20110208,23.76,24.45,23.76,24.45,899720,31.00,31.90,31.00,31.90,0,297030,73540
PVF,20110128,21.85,23.30,21.85,23.30,582120,28.50,30.40,28.50,30.40,0,262290,2360
PVF,20110127,21.46,22.23,21.00,22.23,323710,28.00,29.00,27.40,29.00,0,218510,25000
PVF,20110126,21.15,22.00,20.92,21.23,167530,27.60,28.70,27.30,27.70,80000,61780,36170
PVF,20110125,22.22,22.22,21.23,21.46,220430,29.00,29.00,27.70,28.00,0,129980,0
PVF,20110124,23.38,24.15,22.31,22.30,341790,30.50,31.50,29.10,29.10,0,61130,0
PVF,20110121,22.30,23.37,21.99,23.38,1195530,29.10,30.50,28.70,30.50,0,467630,6500
PVF,20110120,22.15,22.38,21.84,22.30,948000,28.90,29.20,28.50,29.10,0,456850,152050
PVF,20110119,21.39,21.39,21.23,21.38,263870,27.90,27.90,27.70,27.90,0,94800,14700
PVF,20110118,19.16,20.39,19.16,20.39,551850,25.00,26.60,25.00,26.60,0,249460,420
PVF,20110117,19.16,20.00,19.16,19.47,207150,25.00,26.10,25.00,25.40,0,120960,5200
PVF,20110114,18.62,19.16,18.39,19.16,329200,24.30,25.00,24.00,25.00,0,263910,0
PVF,20110113,18.24,18.47,18.16,18.47,92490,23.80,24.10,23.70,24.10,0,89590,0
PVF,20110112,18.24,18.39,18.24,18.24,39170,23.80,24.00,23.80,23.80,0,37810,0
PVF,20110111,18.47,18.47,18.01,18.24,114810,24.10,24.10,23.50,23.80,0,110460,10000
PVF,20110110,18.40,18.47,18.24,18.47,156760,24.00,24.10,23.80,24.10,0,145070,28170
PVF,20110107,18.40,18.55,18.32,18.32,47070,24.00,24.20,23.90,23.90,0,35940,30460
PVF,20110106,18.70,18.70,18.39,18.40,54920,24.40,24.40,24.00,24.00,0,46780,0
PVF,20110105,18.63,18.70,18.47,18.70,135210,24.30,24.40,24.10,24.40,0,130790,100
PVF,20110104,18.70,18.70,18.16,18.55,107130,24.40,24.40,23.70,24.20,0,92890,30000
PVF,20101231,18.55,18.63,18.02,18.01,89030,24.20,24.30,23.50,23.50,0,30950,0
PVF,20101230,18.39,18.55,18.16,18.40,186000,24.00,24.20,23.70,24.00,0,127340,30000
PVF,20101229,18.40,19.01,18.01,18.01,101070,24.00,24.80,23.50,23.50,0,46780,13100
PVF,20101228,18.78,19.09,18.55,18.55,160890,24.50,24.90,24.20,24.20,0,51640,133650
PVF,20101227,18.86,18.86,18.40,18.55,101870,24.60,24.60,24.00,24.20,0,78750,46720
PVF,20101224,18.39,18.85,18.39,18.55,164740,24.00,24.60,24.00,24.20,0,90670,114940
PVF,20101223,19.16,19.24,18.47,18.47,572060,25.00,25.10,24.10,24.10,0,491110,280000
PVF,20101222,19.54,19.54,19.16,19.16,348600,25.50,25.50,25.00,25.00,0,229020,143220
PVF,20101221,18.25,19.47,18.25,19.16,567150,23.80,25.40,23.80,25.00,0,414130,176010
PVF,20101220,19.16,19.54,18.62,18.63,287510,25.00,25.50,24.30,24.30,0,102040,217570
PVF,20101217,18.32,19.16,18.24,19.16,359670,23.90,25.00,23.80,25.00,0,328610,6180
PVF,20101216,18.39,18.78,18.01,18.32,202350,24.00,24.50,23.50,23.90,0,147110,0
PVF,20101215,18.78,19.16,18.24,18.47,281670,24.50,25.00,23.80,24.10,0,175330,5000
PVF,20101214,19.09,19.09,17.48,18.78,425000,24.90,24.90,22.80,24.50,0,288490,20000
PVF,20101213,18.39,18.39,18.32,18.40,456710,24.00,24.00,23.90,24.00,0,81950,146120
PVF,20101210,17.40,17.56,16.87,17.55,258980,22.70,22.90,22.00,22.90,0,111680,19000
PVF,20101209,16.02,16.79,16.02,16.79,233050,20.90,21.90,20.90,21.90,0,38230,109400
PVF,20101208,16.33,16.48,15.94,16.02,195220,21.30,21.50,20.80,20.90,0,36650,33660
PVF,20101207,16.94,17.25,16.48,16.48,216820,22.10,22.50,21.50,21.50,0,93580,0
PVF,20101206,17.55,18.01,17.24,17.25,302150,22.90,23.50,22.50,22.50,0,46890,13000
PVF,20101203,17.86,18.02,17.40,17.55,217030,23.30,23.50,22.70,22.90,0,28240,33670
PVF,20101202,16.86,17.25,16.33,17.25,176710,22.00,22.50,21.30,22.50,0,28210,0
PVF,20101201,16.63,17.47,16.48,16.48,202790,21.70,22.80,21.50,21.50,0,91190,110
PVF,20101130,17.63,18.09,17.33,17.32,278300,23.00,23.60,22.60,22.60,0,97670,49000
PVF,20101129,15.87,17.25,15.79,17.25,338830,20.70,22.50,20.60,22.50,0,226010,33910
PVF,20101126,17.32,17.40,16.48,16.48,269230,22.60,22.70,21.50,21.50,0,28190,0
PVF,20101125,16.63,17.32,16.63,17.32,394840,21.70,22.60,21.70,22.60,0,254410,72000
PVF,20101124,15.79,16.64,15.33,16.63,187830,20.60,21.70,20.00,21.70,0,75170,0
PVF,20101123,15.18,15.87,15.18,15.87,434690,19.80,20.70,19.80,20.70,0,139600,213500
PVF,20101122,15.25,15.33,15.17,15.18,454790,19.90,20.00,19.80,19.80,150000,301160,286950
PVF,20101119,16.79,16.79,15.94,15.94,825800,21.90,21.90,20.80,20.80,0,73460,401840
PVF,20101118,16.79,17.17,16.71,16.71,256660,21.90,22.40,21.80,21.80,0,86670,150530
PVF,20101117,17.02,17.63,16.79,16.79,379700,22.20,23.00,21.90,21.90,0,161090,136210
PVF,20101116,18.40,18.40,17.63,17.63,226480,24.00,24.00,23.00,23.00,0,169250,61630
PVF,20101115,19.16,19.16,18.55,18.55,248030,25.00,25.00,24.20,24.20,0,143800,45890
PVF,20101112,19.55,19.86,18.71,19.47,391420,25.50,25.90,24.40,25.40,0,288810,11600
PVF,20101111,18.78,19.85,18.78,19.55,370040,24.50,25.90,24.50,25.50,0,202950,5000
PVF,20101110,18.47,19.16,18.47,19.16,303580,24.10,25.00,24.10,25.00,0,233820,105550
PVF,20101109,18.25,19.32,18.25,19.16,633120,23.80,25.20,23.80,25.00,40000,517950,130050
PVF,20101108,18.24,18.62,17.78,18.63,692790,23.80,24.30,23.20,24.30,0,374480,222410
PVF,20101105,17.25,17.78,17.02,17.78,646680,22.50,23.20,22.20,23.20,0,503580,400000
PVF,20101104,16.48,17.02,16.40,16.94,228540,21.50,22.20,21.40,22.10,0,159710,33030
PVF,20101103,16.48,16.48,16.09,16.25,256950,21.50,21.50,21.00,21.20,0,157930,128000
PVF,20101102,16.40,16.71,16.40,16.40,124600,21.40,21.80,21.40,21.40,25000,106750,68060
PVF,20101101,16.40,16.71,16.40,16.71,127810,21.40,21.80,21.40,21.80,0,119850,55550
PVF,20101029,16.48,16.63,16.48,16.63,150620,21.50,21.70,21.50,21.70,0,117330,0
PVF,20101028,16.87,16.87,16.41,16.48,81580,22.00,22.00,21.40,21.50,0,64980,0
PVF,20101027,16.71,16.86,16.56,16.79,153730,21.80,22.00,21.60,21.90,0,129960,0
PVF,20101026,16.86,17.09,16.63,16.71,146920,22.00,22.30,21.70,21.80,0,105280,420
PVF,20101025,16.71,16.94,16.40,16.63,207500,21.80,22.10,21.40,21.70,0,158580,0
PVF,20101022,15.64,16.48,15.64,16.48,127820,20.40,21.50,20.40,21.50,0,122430,0
PVF,20101021,15.41,16.18,15.41,16.10,108700,20.10,21.10,20.10,21.00,0,98870,0
PVF,20101020,16.09,16.09,15.86,15.87,114560,21.00,21.00,20.70,20.70,0,28130,0
PVF,20101019,16.48,16.86,16.25,16.63,142470,21.50,22.00,21.20,21.70,0,101270,0
PVF,20101018,16.94,17.01,16.63,16.86,75390,22.10,22.20,21.70,22.00,0,28130,130
PVF,20101015,16.33,16.86,16.17,16.86,186650,21.30,22.00,21.10,22.00,0,170730,0
PVF,20101014,16.79,16.94,16.48,16.48,185450,21.90,22.10,21.50,21.50,0,60950,0
PVF,20101013,16.02,16.79,16.02,16.79,152320,20.90,21.90,20.90,21.90,0,123850,0
PVF,20101012,16.48,16.48,16.10,16.33,42670,21.50,21.50,21.00,21.30,0,29130,0
PVF,20101011,16.17,16.63,16.10,16.48,159290,21.10,21.70,21.00,21.50,0,107280,0
PVF,20101008,16.40,16.71,16.33,16.48,190810,21.40,21.80,21.30,21.50,0,126750,0
PVF,20101007,16.18,16.79,16.10,16.48,288250,21.10,21.90,21.00,21.50,0,135220,0
PVF,20101006,15.94,16.32,15.71,16.33,378790,20.80,21.30,20.50,21.30,0,318530,0
PVF,20101005,14.95,15.72,14.95,15.71,271810,19.50,20.50,19.50,20.50,0,218420,59000
PVF,20101004,15.41,15.48,15.25,15.41,335490,20.10,20.20,19.90,20.10,0,291340,1480
PVF,20101001,15.71,15.71,15.33,15.33,64000,20.50,20.50,20.00,20.00,0,19200,0
PVF,20100930,15.25,15.71,15.25,15.71,235240,19.90,20.50,19.90,20.50,0,199540,0
PVF,20100929,15.71,15.71,15.33,15.33,74500,20.50,20.50,20.00,20.00,0,16600,0
PVF,20100928,15.87,15.87,15.41,15.71,118810,20.70,20.70,20.10,20.50,0,62710,46190
PVF,20100927,15.87,15.87,15.33,15.33,101390,20.70,20.70,20.00,20.00,0,780,0
PVF,20100924,15.64,15.87,15.64,15.64,50270,20.40,20.70,20.40,20.40,0,0,13310
PVF,20100923,15.72,15.87,15.33,15.87,136680,20.50,20.70,20.00,20.70,0,76670,0
PVF,20100922,16.02,16.02,15.72,15.87,95480,20.90,20.90,20.50,20.70,0,58400,0
PVF,20100921,16.32,16.32,15.40,15.41,393360,21.30,21.30,20.10,20.10,0,15870,255570
PVF,20100920,16.86,16.86,16.17,16.17,92280,22.00,22.00,21.10,21.10,0,50070,780
PVF,20100917,16.10,16.40,15.94,16.17,126910,21.00,21.40,20.80,21.10,0,9690,0
PVF,20100916,15.56,16.02,15.56,15.79,114900,20.30,20.90,20.30,20.60,80000,47830,1810
PVF,20100915,16.02,16.02,15.56,15.87,144910,20.90,20.90,20.30,20.70,0,80750,37300
PVF,20100914,16.10,16.10,15.79,15.79,59260,21.00,21.00,20.60,20.60,0,0,3760
PVF,20100913,16.10,16.10,15.56,16.02,175930,21.00,21.00,20.30,20.90,0,102030,250
PVF,20100910,16.94,16.94,16.10,16.10,212630,22.10,22.10,21.00,21.00,0,16710,0
PVF,20100909,17.25,17.25,16.71,16.94,177740,22.50,22.50,21.80,22.10,0,46500,0
PVF,20100908,16.86,16.94,16.48,16.94,298180,22.00,22.10,21.50,22.10,0,207530,0
PVF,20100907,17.02,17.56,16.71,17.09,343280,22.20,22.90,21.80,22.30,0,56230,1360
PVF,20100906,17.48,18.01,17.40,17.48,373480,22.80,23.50,22.70,22.80,0,54300,34350
PVF,20100901,17.02,17.63,17.02,17.40,211970,22.20,23.00,22.20,22.70,0,70720,15820
PVF,20100831,16.71,17.48,16.71,17.48,703340,21.80,22.80,21.80,22.80,0,344230,6000
PVF,20100830,16.40,16.71,16.32,16.71,244520,21.40,21.80,21.30,21.80,0,1910,1380
PVF,20100827,15.49,16.79,15.49,15.94,295690,20.20,21.90,20.20,20.80,0,0,0
PVF,20100826,15.10,16.10,15.02,16.10,342810,19.70,21.00,19.60,21.00,0,28880,27910
PVF,20100825,14.18,15.33,13.95,15.33,496040,18.50,20.00,18.20,20.00,0,97810,0
PVF,20100824,14.80,15.03,14.64,14.64,287200,19.30,19.60,19.10,19.10,0,2400,4550
PVF,20100823,15.71,15.79,15.40,15.41,172430,20.50,20.60,20.10,20.10,0,0,39870
PVF,20100820,15.41,16.18,14.80,16.17,261130,20.10,21.10,19.30,21.10,0,150950,200
PVF,20100819,15.40,16.09,15.33,15.41,122240,20.10,21.00,20.00,20.10,0,29100,10
PVF,20100818,16.25,16.25,15.40,15.48,365270,21.20,21.20,20.10,20.20,0,81800,0
PVF,20100817,15.48,16.17,14.94,16.17,511920,20.20,21.10,19.50,21.10,0,178880,100
PVF,20100816,15.33,15.48,15.17,15.48,222530,20.00,20.20,19.80,20.20,0,49630,1610
PVF,20100813,13.80,14.95,13.80,14.79,238600,18.00,19.50,18.00,19.30,0,72560,0
PVF,20100812,15.10,15.10,14.41,14.41,303990,19.70,19.70,18.80,18.80,0,22080,79260
PVF,20100811,15.25,15.25,14.87,15.10,280020,19.90,19.90,19.40,19.70,0,10,0
PVF,20100810,15.56,15.56,15.25,15.25,352150,20.30,20.30,19.90,19.90,0,1050,830
PVF,20100809,16.55,16.63,16.02,16.02,275140,21.60,21.70,20.90,20.90,0,28980,500
PVF,20100806,17.09,17.09,16.48,16.86,87620,22.30,22.30,21.50,22.00,0,21780,0
PVF,20100805,17.48,17.63,17.02,17.09,212780,22.80,23.00,22.20,22.30,0,53910,0
PVF,20100804,17.79,17.79,17.48,17.48,470250,23.20,23.20,22.80,22.80,69500,0,0
PVF,20100803,18.55,18.71,18.32,18.40,85960,24.20,24.40,23.90,24.00,91920,0,0
PVF,20100802,18.63,18.71,18.40,18.40,86460,24.30,24.40,24.00,24.00,0,0,1910
PVF,20100730,17.94,18.48,17.86,18.40,219840,23.40,24.10,23.30,24.00,0,9130,0
PVF,20100729,18.40,18.78,17.48,17.94,1493430,24.00,24.50,22.80,23.40,0,5000,0
PVF,20100728,19.17,19.32,18.40,18.40,428010,25.00,25.20,24.00,24.00,0,5000,0
PVF,20100727,19.70,19.93,19.32,19.32,84180,25.70,26.00,25.20,25.20,0,0,27880
PVF,20100726,19.93,20.01,19.70,19.70,130020,26.00,26.10,25.70,25.70,0,15780,6010
PVF,20100723,20.16,20.23,19.70,19.70,112360,26.30,26.40,25.70,25.70,0,100,58700
PVF,20100722,20.31,20.31,19.93,20.08,226900,26.50,26.50,26.00,26.20,0,800,15470
PVF,20100721,20.69,20.69,20.31,20.31,80640,27.00,27.00,26.50,26.50,0,0,0
PVF,20100720,20.54,20.70,20.54,20.54,235790,26.80,27.00,26.80,26.80,0,33000,79900
PVF,20100719,20.62,20.85,20.62,20.62,143670,26.90,27.20,26.90,26.90,0,79530,1760
PVF,20100716,20.85,20.85,20.62,20.62,132560,27.20,27.20,26.90,26.90,0,66770,0
PVF,20100715,21.00,21.00,20.77,20.77,38870,27.40,27.40,27.10,27.10,0,0,0
PVF,20100714,21.77,21.77,21.08,21.08,293060,28.40,28.40,27.50,27.50,0,0,0
PVF,20100713,21.00,21.23,20.77,21.23,221190,27.40,27.70,27.10,27.70,0,101450,0
PVF,20100712,21.00,21.00,20.54,20.77,45340,27.40,27.40,26.80,27.10,0,1200,1330
PVF,20100709,20.77,21.00,20.62,20.69,201460,27.10,27.40,26.90,27.00,0,175000,0
PVF,20100708,20.70,20.70,20.47,20.54,94000,27.00,27.00,26.70,26.80,1000000,100,10000
PVF,20100707,21.08,21.08,20.31,20.39,138850,27.50,27.50,26.50,26.60,2000000,51940,15060
PVF,20100706,20.77,21.08,20.47,20.54,68110,27.10,27.50,26.70,26.80,0,100,1160
PVF,20100705,20.93,21.08,20.62,21.08,303960,27.30,27.50,26.90,27.50,0,266630,15250
PVF,20100702,20.62,20.70,20.54,20.62,118900,26.90,27.00,26.80,26.90,0,46100,24100
PVF,20100701,20.77,20.85,20.62,20.62,132160,27.10,27.20,26.90,26.90,0,41000,14720
PVF,20100630,20.69,21.08,20.62,21.00,125560,27.00,27.50,26.90,27.40,0,103300,1000
PVF,20100629,21.23,21.38,21.15,21.23,160820,27.70,27.90,27.60,27.70,0,124520,0
PVF,20100628,20.77,21.16,20.70,21.15,176470,27.10,27.60,27.00,27.60,0,115410,0
PVF,20100625,20.77,21.08,20.39,20.39,199140,27.10,27.50,26.60,26.60,0,92040,74000
PVF,20100624,21.38,21.38,21.08,21.08,151970,27.90,27.90,27.50,27.50,20000,73040,37620
PVF,20100623,21.38,21.38,21.08,21.23,89820,27.90,27.90,27.50,27.70,0,52440,0
PVF,20100622,21.54,21.54,21.23,21.46,292230,28.10,28.10,27.70,28.00,0,190800,0
PVF,20100621,21.61,21.69,21.30,21.54,193540,28.20,28.30,27.80,28.10,0,96720,28560
PVF,20100618,21.00,21.61,21.00,21.61,455250,27.40,28.20,27.40,28.20,0,235480,0
PVF,20100617,20.70,20.93,20.70,20.92,291640,27.00,27.30,27.00,27.30,164000,360000,180000
PVF,20100616,20.85,21.00,20.77,20.85,213080,27.20,27.40,27.10,27.20,0,96800,0
PVF,20100615,20.69,20.77,20.62,20.77,284490,27.00,27.10,26.90,27.10,0,187300,0
PVF,20100614,20.46,20.84,20.46,20.54,61890,26.70,27.20,26.70,26.80,0,23050,0
PVF,20100611,20.70,20.85,20.47,20.46,189090,27.00,27.20,26.70,26.70,0,75050,0
PVF,20100610,20.24,20.55,20.09,20.24,150060,26.40,26.80,26.20,26.40,0,50000,26750
PVF,20100609,20.70,20.70,20.16,20.24,270440,27.00,27.00,26.30,26.40,0,81050,64120
PVF,20100608,20.08,20.47,19.93,20.39,336730,26.20,26.70,26.00,26.60,0,92340,117460
PVF,20100607,20.69,21.00,20.38,20.39,615400,27.00,27.40,26.60,26.60,0,241320,111560
PVF,20100604,21.00,21.69,20.92,21.38,989530,27.40,28.30,27.30,27.90,0,109300,78960
PVF,20100603,21.84,21.84,20.69,21.00,382970,28.50,28.50,27.00,27.40,0,100270,0
PVF,20100602,21.00,21.69,20.69,21.46,868020,27.40,28.30,27.00,28.00,0,171640,125440
PVF,20100601,20.16,21.23,19.93,20.77,533080,26.30,27.70,26.00,27.10,0,65850,0
PVF,20100531,20.69,20.92,20.31,20.31,297060,27.00,27.30,26.50,26.50,0,97280,0
PVF,20100528,20.55,20.70,20.16,20.69,441240,26.80,27.00,26.30,27.00,0,67990,15000
PVF,20100527,19.39,19.77,19.24,19.78,235700,25.30,25.80,25.10,25.80,0,58240,0
PVF,20100526,19.93,19.93,19.24,19.62,434890,26.00,26.00,25.10,25.60,0,94090,0
PVF,20100525,19.16,19.78,19.09,19.39,514930,25.00,25.80,24.90,25.30,0,170470,0
PVF,20100524,19.32,19.93,18.78,19.24,508550,25.20,26.00,24.50,25.10,0,20040,40990
PVF,20100521,19.62,19.93,19.54,19.55,539390,25.60,26.00,25.50,25.50,0,92470,35080
PVF,20100520,20.70,20.85,19.70,20.54,714170,27.00,27.20,25.70,26.80,0,55000,15000
PVF,20100519,21.15,21.15,20.15,20.16,1186610,27.60,27.60,26.30,26.30,0,8000,142320
PVF,20100518,21.77,21.77,20.85,21.15,805860,28.40,28.40,27.20,27.60,0,0,0
PVF,20100517,22.46,22.69,21.77,21.77,992380,29.30,29.60,28.40,28.40,0,320,1000
PVF,20100514,22.99,23.30,22.22,22.84,490450,30.00,30.40,29.00,29.80,0,4000,0
PVF,20100513,23.45,23.45,22.30,22.99,773190,30.60,30.60,29.10,30.00,0,15100,42730
PVF,20100512,23.53,23.76,23.45,23.45,748880,30.70,31.00,30.60,30.60,0,8000,73350
PVF,20100511,25.68,25.68,24.68,24.68,1044690,33.50,33.50,32.20,32.20,0,3700,0
PVF,20100510,24.52,25.90,23.91,25.91,688130,32.00,33.80,31.20,33.80,0,26800,2340
PVF,20100507,23.84,25.07,23.53,25.06,931580,31.10,32.70,30.70,32.70,0,27410,9060
PVF,20100506,25.22,25.22,23.92,24.76,1090290,32.90,32.90,31.20,32.30,0,26790,187320
PVF,20100505,23.61,24.53,23.61,24.53,2612880,30.80,32.00,30.80,32.00,0,26260,1000
PVF,20100504,23.30,23.90,23.07,23.38,936910,31.00,31.80,30.70,31.10,0,97160,96820
PVF,20100429,23.08,23.31,22.18,23.30,704570,30.70,31.00,29.50,31.00,0,27270,60000
PVF,20100428,23.15,23.68,22.77,23.08,757870,30.80,31.50,30.30,30.70,0,54180,10060
PVF,20100427,23.08,23.76,22.78,23.15,889020,30.70,31.60,30.30,30.80,0,199890,2000
PVF,20100426,22.93,23.68,22.63,23.68,1720950,30.50,31.50,30.10,31.50,0,99760,6900
PVF,20100422,21.80,22.55,21.65,22.55,605490,29.00,30.00,28.80,30.00,0,52770,53000
PVF,20100421,21.50,21.72,21.35,21.50,139480,28.60,28.90,28.40,28.60,0,0,0
PVF,20100420,21.50,21.65,21.27,21.27,315820,28.60,28.80,28.30,28.30,0,11500,61930
PVF,20100419,21.79,22.02,21.64,21.65,251990,29.00,29.30,28.80,28.80,0,0,18110
PVF,20100416,22.25,22.33,21.87,21.87,235060,29.60,29.70,29.10,29.10,0,3430,100000
PVF,20100415,21.80,22.10,21.80,22.10,316780,29.00,29.40,29.00,29.40,0,145240,100000
PVF,20100414,22.10,22.10,21.80,21.80,142590,29.40,29.40,29.00,29.00,0,100,0
PVF,20100413,21.94,22.25,21.94,21.95,264970,29.20,29.60,29.20,29.20,0,2000,14410
PVF,20100412,21.80,22.40,21.80,22.02,290840,29.00,29.80,29.00,29.30,0,110630,0
PVF,20100409,22.10,22.25,21.80,21.80,353180,29.40,29.60,29.00,29.00,0,14610,0
PVF,20100408,22.17,22.40,21.79,22.10,382800,29.50,29.80,29.00,29.40,0,73820,50300
PVF,20100407,22.40,22.40,22.02,22.17,394910,29.80,29.80,29.30,29.50,0,250,0
PVF,20100406,22.55,22.70,22.17,22.17,469270,30.00,30.20,29.50,29.50,0,148250,88000
PVF,20100405,23.16,23.16,22.18,22.55,330040,30.80,30.80,29.50,30.00,0,123820,0
PVF,20100402,22.55,23.22,22.47,22.93,762600,30.00,30.90,29.90,30.50,0,174010,0
PVF,20100401,21.65,22.47,21.50,22.47,442820,28.80,29.90,28.60,29.90,0,108400,1000
PVF,20100331,21.27,21.80,21.04,21.42,446320,28.30,29.00,28.00,28.50,0,28440,1000
PVF,20100330,21.50,21.80,21.27,21.27,129100,28.60,29.00,28.30,28.30,0,7830,0
PVF,20100329,21.50,21.80,21.42,21.50,128750,28.60,29.00,28.50,28.60,250000,17970,0
PVF,20100326,21.42,21.80,21.19,21.50,223140,28.50,29.00,28.20,28.60,0,34430,74980
PVF,20100325,21.57,21.87,21.34,21.42,318440,28.70,29.10,28.40,28.50,0,26340,93790
PVF,20100324,21.80,22.18,21.80,22.17,234360,29.00,29.50,29.00,29.50,0,41070,0
PVF,20100323,22.32,22.40,21.79,21.80,227890,29.70,29.80,29.00,29.00,0,25510,0
PVF,20100322,22.93,22.93,22.25,22.32,110400,30.50,30.50,29.60,29.70,0,23910,23250
PVF,20100319,22.93,23.23,22.70,22.70,117040,30.50,30.90,30.20,30.20,0,45450,0
PVF,20100318,22.17,22.92,21.79,22.93,210060,29.50,30.50,29.00,30.50,0,0,2700
PVF,20100317,22.55,22.85,22.17,22.17,223430,30.00,30.40,29.50,29.50,0,600,6540
PVF,20100316,23.22,23.30,22.32,22.40,304820,30.90,31.00,29.70,29.80,0,0,8260
PVF,20100315,23.75,23.75,23.37,23.45,256350,31.60,31.60,31.10,31.20,0,27430,0
PVF,20100312,23.23,23.68,23.15,23.60,344120,30.90,31.50,30.80,31.40,0,77630,0
PVF,20100311,23.45,23.60,23.22,23.23,168350,31.20,31.40,30.90,30.90,0,0,0
PVF,20100310,23.45,23.76,23.30,23.45,318290,31.20,31.60,31.00,31.20,0,27830,1100
PVF,20100309,23.60,23.83,23.15,23.53,285910,31.40,31.70,30.80,31.30,0,27530,0
PVF,20100308,23.45,23.90,23.30,23.60,380260,31.20,31.80,31.00,31.40,0,27440,0
PVF,20100305,23.07,23.30,22.70,23.15,275320,30.70,31.00,30.20,30.80,0,2030,350
PVF,20100304,23.31,23.46,23.16,23.15,271490,31.00,31.20,30.80,30.80,0,0,0
PVF,20100303,23.16,23.31,22.93,23.08,250680,30.80,31.00,30.50,30.70,0,0,0
PVF,20100302,22.63,23.53,22.40,22.93,294590,30.10,31.30,29.80,30.50,0,0,14550
PVF,20100301,22.10,22.55,22.10,22.55,222770,29.40,30.00,29.40,30.00,0,0,0
PVF,20100226,21.42,21.80,21.42,21.50,404260,28.50,29.00,28.50,28.60,0,4400,363020
PVF,20100225,21.80,22.17,21.42,21.42,570170,29.00,29.50,28.50,28.50,0,27440,398010
PVF,20100224,22.02,22.40,21.57,21.57,383640,29.30,29.80,28.70,28.70,0,27540,304620
PVF,20100223,23.30,23.30,22.40,22.40,127210,31.00,31.00,29.80,29.80,0,27440,75000
PVF,20100222,23.45,23.60,23.30,23.45,67500,31.20,31.40,31.00,31.20,0,26010,0
PVF,20100212,23.00,23.60,23.00,23.45,106790,30.60,31.40,30.60,31.20,0,27250,0
PVF,20100211,22.55,23.00,22.47,23.00,126510,30.00,30.60,29.90,30.60,0,55020,0
PVF,20100210,21.95,22.48,21.95,22.47,107860,29.20,29.90,29.20,29.90,0,27570,13230
PVF,20100209,22.10,22.63,21.95,21.95,84610,29.40,30.10,29.20,29.20,0,1140,400
PVF,20100208,22.55,22.93,22.40,22.63,154920,30.00,30.50,29.80,30.10,0,26980,80980
PVF,20100205,23.00,23.60,22.62,22.93,193400,30.60,31.40,30.10,30.50,0,27460,0
PVF,20100204,22.93,23.60,22.55,23.60,486110,30.50,31.40,30.00,31.40,0,27460,0
PVF,20100203,21.80,22.78,21.80,22.70,149400,29.00,30.30,29.00,30.20,0,36900,34250
PVF,20100202,22.55,22.70,22.25,22.25,212490,30.00,30.20,29.60,29.60,0,3500,0
PVF,20100201,22.55,22.78,22.32,22.55,98130,30.00,30.30,29.70,30.00,0,0,0
PVF,20100129,23.08,23.16,22.55,22.55,228180,30.70,30.80,30.00,30.00,0,27480,13470
PVF,20100128,22.32,23.38,22.32,23.08,154030,29.70,31.10,29.70,30.70,0,96000,1000
PVF,20100127,22.93,23.53,22.70,23.15,302340,30.50,31.30,30.20,30.80,0,157450,23210
PVF,20100126,22.77,23.22,22.77,23.23,227370,30.30,30.90,30.30,30.90,0,20080,0
PVF,20100125,21.80,22.18,21.80,22.17,114430,29.00,29.50,29.00,29.50,20000,27480,0
PVF,20100122,21.35,22.10,21.35,21.80,128390,28.40,29.40,28.40,29.00,0,27480,0
PVF,20100121,21.95,22.93,21.80,21.80,366830,29.20,30.50,29.00,29.00,0,94420,0
PVF,20100120,23.53,23.61,22.55,22.63,244180,31.30,31.40,30.00,30.10,0,36490,500
PVF,20100119,23.15,23.45,22.85,23.38,243800,30.80,31.20,30.40,31.10,0,92750,0
PVF,20100118,23.75,23.75,22.85,22.85,341190,31.60,31.60,30.40,30.40,0,64110,3280
PVF,20100115,24.20,24.73,23.75,24.05,321860,32.20,32.90,31.60,32.00,0,96410,35900
PVF,20100114,24.73,25.33,24.13,24.65,255570,32.90,33.70,32.10,32.80,0,33600,0
PVF,20100113,23.30,24.58,22.32,24.58,750520,31.00,32.70,29.70,32.70,0,64160,0
PVF,20100112,24.05,24.43,23.38,23.45,771470,32.00,32.50,31.10,31.20,0,137320,0
PVF,20100111,24.81,25.11,24.05,24.58,463250,33.00,33.40,32.00,32.70,700000,39680,130
PVF,20100108,27.06,27.06,24.73,24.73,794460,36.00,36.00,32.90,32.90,0,69490,12200
PVF,20100107,25.56,26.01,25.04,26.01,1019720,34.00,34.60,33.30,34.60,0,127220,4000
PVF,20100106,23.08,24.81,23.08,24.81,1199460,30.70,33.00,30.70,33.00,0,41950,22640
PVF,20100105,24.13,24.13,23.45,23.68,708910,32.10,32.10,31.20,31.50,0,86880,25000
PVF,20100104,22.18,23.00,21.95,23.00,359340,29.50,30.60,29.20,30.60,0,20,10
PVF,20091231,22.02,22.40,21.57,21.95,628560,29.30,29.80,28.70,29.20,27000,0,0
PVF,20091230,21.57,22.40,21.49,22.02,649180,28.70,29.80,28.60,29.30,920000,1000,60
PVF,20091229,21.80,22.40,21.57,21.57,819190,29.00,29.80,28.70,28.70,0,3000,60910
PVF,20091228,22.55,23.75,22.40,22.70,617550,30.00,31.60,29.80,30.20,0,19910,100
PVF,20091225,22.93,23.45,22.40,23.45,775760,30.50,31.20,29.80,31.20,0,1190,150
PVF,20091224,21.50,22.40,21.05,22.40,679900,28.60,29.80,28.00,29.80,0,74360,12000
PVF,20091223,20.67,21.50,20.67,21.50,1052060,27.50,28.60,27.50,28.60,0,10,57880
PVF,20091222,20.52,20.52,20.14,20.52,424700,27.30,27.30,26.80,27.30,0,20110,0
PVF,20091221,19.54,19.54,19.54,19.54,318890,26.00,26.00,26.00,26.00,0,33350,37110
PVF,20091218,19.39,20.29,18.64,18.64,1222460,25.80,27.00,24.80,24.80,0,10050,1066630
PVF,20091217,19.32,20.15,19.32,19.39,649530,25.70,26.80,25.70,25.80,0,0,316220
PVF,20091216,20.67,21.05,20.30,20.30,304600,27.50,28.00,27.00,27.00,0,0,144140
PVF,20091215,21.43,21.80,20.82,21.35,215990,28.50,29.00,27.70,28.40,0,0,23740
PVF,20091214,21.12,21.35,20.29,21.35,475550,28.10,28.40,27.00,28.40,0,9100,0
PVF,20091211,21.05,21.35,20.15,20.37,484310,28.00,28.40,26.80,27.10,0,191750,0
PVF,20091210,22.55,22.62,21.19,21.20,303050,30.00,30.10,28.20,28.20,0,8000,0
PVF,20091209,22.55,22.92,22.17,22.17,460090,30.00,30.50,29.50,29.50,45000,2000,112530
PVF,20091208,23.30,23.45,22.40,23.30,1024080,31.00,31.20,29.80,31.00,0,713800,112140
PVF,20091207,22.25,23.30,22.17,23.30,596040,29.60,31.00,29.50,31.00,0,442240,112130
PVF,20091204,22.85,22.85,22.17,22.25,820180,30.40,30.40,29.50,29.60,0,300500,339460
PVF,20091203,22.55,22.93,21.57,22.25,263620,30.00,30.50,28.70,29.60,0,0,2000
PVF,20091202,22.63,23.91,22.55,22.55,481440,30.10,31.80,30.00,30.00,0,200400,4800
PVF,20091201,23.23,23.98,23.00,23.68,500930,30.90,31.90,30.60,31.50,0,0,2600
PVF,20091130,21.80,22.85,21.80,22.85,680420,29.00,30.40,29.00,30.40,0,80630,500
PVF,20091127,20.67,22.77,20.67,21.80,1097830,27.50,30.30,27.50,29.00,20000,44590,301000
PVF,20091126,21.72,21.72,21.72,21.72,315480,28.90,28.90,28.90,28.90,40000,170610,16020
PVF,20091125,23.82,23.97,22.85,22.85,572240,31.70,31.90,30.40,30.40,2035000,20690,0
PVF,20091124,24.81,25.19,24.06,24.05,541540,33.00,33.50,32.00,32.00,111900,19720,0
PVF,20091123,26.23,26.91,24.95,24.96,829460,34.90,35.80,33.20,33.20,30000,7880,0
PVF,20091120,25.11,26.23,25.11,26.23,1678480,33.40,34.90,33.40,34.90,0,0,9000
PVF,20091119,24.73,25.26,24.43,25.03,391740,32.90,33.60,32.50,33.30,79900,100,0
PVF,20091118,24.43,24.43,24.05,24.43,390800,32.50,32.50,32.00,32.50,111800,73570,81000
PVF,20091117,24.80,24.80,24.27,24.35,267200,33.00,33.00,32.30,32.40,0,10650,0
PVF,20091116,24.80,25.48,24.65,24.65,291350,33.00,33.90,32.80,32.80,30000,10,33710
PVF,20091113,24.20,25.33,24.20,25.03,529740,32.20,33.70,32.20,33.30,117000,32050,133200
PVF,20091112,24.96,25.86,24.66,25.03,520460,33.20,34.40,32.80,33.30,0,500,0
PVF,20091111,23.83,24.81,23.53,24.81,524230,31.70,33.00,31.30,33.00,30000,72870,85850
PVF,20091110,25.03,25.56,23.83,23.83,999430,33.30,34.00,31.70,31.70,57000,0,649280
PVF,20091109,25.71,25.93,25.03,25.03,380490,34.20,34.50,33.30,33.30,25010,42130,0
PVF,20091106,27.66,27.66,26.30,26.31,713470,36.80,36.80,35.00,35.00,0,33690,0
PVF,20091105,25.93,26.68,25.40,26.68,617440,34.50,35.50,33.80,35.50,89000,2500,0
PVF,20091104,25.55,26.98,25.25,25.48,988070,34.00,35.90,33.60,33.90,138890,100,0
PVF,20091103,26.69,27.81,26.54,26.53,790420,35.50,37.00,35.30,35.30,25010,0,136740
PVF,20091102,27.89,27.97,27.89,27.89,521550,37.10,37.20,37.10,37.10,89000,33770,60840
PVF,20091030,29.91,30.52,29.24,29.32,893500,39.80,40.60,38.90,39.00,207700,20100,0
PVF,20091029,30.07,30.22,30.00,29.99,1212580,40.00,40.20,39.90,39.90,20000,31330,0
PVF,20091028,32.47,32.92,31.27,31.50,821640,43.20,43.80,41.60,41.90,82000,2180,12000
PVF,20091027,32.39,32.62,31.57,32.47,955110,43.10,43.40,42.00,43.20,700000,65100,8300
PVF,20091026,33.67,34.42,32.69,33.22,661900,44.80,45.80,43.50,44.20,0,44250,25000
PVF,20091023,34.05,35.32,33.67,33.67,3718790,45.30,47.00,44.80,44.80,0,8500,25000
PVF,20091022,33.22,33.82,33.00,33.67,1148410,44.20,45.00,43.90,44.80,0,129150,0
PVF,20091021,33.45,33.45,32.92,32.92,642330,44.50,44.50,43.80,43.80,0,77100,69000
PVF,20091020,33.45,33.45,32.99,33.45,1233850,44.50,44.50,43.90,44.50,57000,67550,0
PVF,20091019,33.08,33.38,32.70,33.07,694090,44.00,44.40,43.50,44.00,0,110210,0
PVF,20091016,33.37,34.95,32.70,32.70,984000,44.40,46.50,43.50,43.50,0,38810,0
PVF,20091015,34.87,34.87,33.07,34.20,1015760,46.40,46.40,44.00,45.50,50000,96360,2030
PVF,20091014,32.85,33.23,32.62,33.22,758680,43.70,44.20,43.40,44.20,0,98600,2000
PVF,20091013,33.00,33.83,32.85,32.85,1253020,43.90,45.00,43.70,43.70,32500,32060,5800
PVF,20091012,33.82,33.82,32.77,33.00,1021360,45.00,45.00,43.60,43.90,0,89240,10000
PVF,20091009,32.32,32.62,31.95,32.62,739530,43.00,43.40,42.50,43.40,109000,14320,0
PVF,20091008,30.44,31.12,29.99,31.12,519540,40.50,41.40,39.90,41.40,1000000,96170,7500
PVF,20091007,30.07,30.60,29.77,29.84,333740,40.00,40.70,39.60,39.70,1109000,2000,500
PVF,20091006,29.31,30.07,29.31,29.62,323830,39.00,40.00,39.00,39.40,0,39180,0
PVF,20091005,30.44,30.82,29.46,29.69,302500,40.50,41.00,39.20,39.50,30000,0,2000
PVF,20091002,30.07,30.82,29.99,29.99,868110,40.00,41.00,39.90,39.90,0,14360,49500
PVF,20091001,31.94,32.17,31.57,31.57,611100,42.50,42.80,42.00,42.00,0,17620,43330
PVF,20090930,32.62,32.92,32.17,32.17,431800,43.40,43.80,42.80,42.80,0,100690,23500
PVF,20090929,33.75,33.83,32.92,32.92,571700,44.90,45.00,43.80,43.80,0,10950,2000
PVF,20090928,33.53,33.75,33.08,33.60,1240280,44.60,44.90,44.00,44.70,0,17500,18000
PVF,20090925,31.95,32.70,31.80,32.70,468470,42.50,43.50,42.30,43.50,0,37400,8000
PVF,20090924,32.32,32.32,31.94,31.95,494750,43.00,43.00,42.50,42.50,0,52950,28850
PVF,20090923,33.60,33.75,32.32,32.32,731860,44.70,44.90,43.00,43.00,0,21520,115530
PVF,20090922,32.10,32.70,32.10,32.32,694250,42.70,43.50,42.70,43.00,0,99190,172520
PVF,20090921,33.38,33.38,32.55,32.70,876390,44.40,44.40,43.30,43.50,0,113340,3960
PVF,20090918,33.07,33.22,32.69,33.15,747620,44.00,44.20,43.50,44.10,0,283720,60000
PVF,20090917,33.98,34.28,33.08,33.37,871650,45.20,45.60,44.00,44.40,0,77790,90640
PVF,20090916,33.68,34.28,33.08,34.28,1661530,44.80,45.60,44.00,45.60,0,46400,73130
PVF,20090915,32.70,33.00,32.25,32.70,818040,43.50,43.90,42.90,43.50,0,48240,33290
PVF,20090914,32.32,32.92,32.02,32.25,568550,43.00,43.80,42.60,42.90,0,16000,71260
PVF,20090911,32.63,32.63,32.17,32.17,435130,43.40,43.40,42.80,42.80,60000,61000,0
PVF,20090910,32.32,32.62,31.94,32.25,515110,43.00,43.40,42.50,42.90,0,52810,0
PVF,20090909,32.32,33.15,32.32,32.32,505850,43.00,44.10,43.00,43.00,0,19900,1000
PVF,20090908,33.07,33.67,32.77,33.15,585690,44.00,44.80,43.60,44.10,0,70030,94030
PVF,20090907,32.02,33.07,30.82,33.07,856950,42.60,44.00,41.00,44.00,125960,19550,87000
PVF,20090904,33.68,34.21,32.18,32.32,1121350,44.80,45.50,42.80,43.00,0,24300,157820
PVF,20090903,33.90,34.58,33.83,33.83,892700,45.10,46.00,45.00,45.00,0,19400,0
PVF,20090901,34.20,34.73,34.20,34.73,1131220,45.50,46.20,45.50,46.20,20000,245210,201150
PVF,20090831,35.33,35.33,34.73,34.73,1351500,47.00,47.00,46.20,46.20,0,11830,785780
PVF,20090828,34.73,34.96,34.50,34.88,1086700,46.20,46.50,45.90,46.40,0,83370,407680
PVF,20090827,34.81,35.41,34.43,34.73,1395640,46.30,47.10,45.80,46.20,0,188600,405000
PVF,20090826,35.33,35.93,34.65,34.73,1076120,47.00,47.80,46.10,46.20,0,15200,72760
PVF,20090825,35.48,35.48,34.73,35.48,3307880,47.20,47.20,46.20,47.20,0,27170,314400
PVF,20090824,33.07,33.82,33.07,33.83,554420,44.00,45.00,44.00,45.00,0,57160,0
PVF,20090821,34.05,34.13,33.08,33.07,1152340,45.30,45.40,44.00,44.00,0,65000,200000
PVF,20090820,33.07,33.07,32.54,32.55,520000,44.00,44.00,43.30,43.30,0,15000,2500
PVF,20090819,32.70,33.08,32.40,33.07,511540,43.50,44.00,43.10,44.00,0,0,8800
PVF,20090818,32.69,33.07,32.02,32.70,597600,43.50,44.00,42.60,43.50,20000,0,86650
PVF,20090817,34.20,34.50,32.93,32.92,501890,45.50,45.90,43.80,43.80,0,3000,0
PVF,20090814,33.83,35.10,33.68,34.58,1063180,45.00,46.70,44.80,46.00,0,7500,1000
PVF,20090813,33.45,33.60,32.47,33.60,1621870,44.50,44.70,43.20,44.70,0,600,11000
PVF,20090812,33.00,33.45,32.02,32.02,522600,43.90,44.50,42.60,42.60,0,30000,0
PVF,20090811,31.95,32.32,31.87,32.02,313110,42.50,43.00,42.40,42.60,0,2200,0
PVF,20090810,32.18,33.08,32.10,32.40,429520,42.80,44.00,42.70,43.10,0,2400,0
PVF,20090807,32.32,32.40,32.02,32.10,379100,43.00,43.10,42.60,42.70,0,10710,0
PVF,20090806,32.40,33.23,32.02,32.32,857390,43.10,44.20,42.60,43.00,0,69060,0
PVF,20090805,32.32,33.00,32.24,32.40,430410,43.00,43.90,42.90,43.10,0,300,0
PVF,20090804,32.55,32.85,32.25,32.77,564890,43.30,43.70,42.90,43.60,0,124860,85850
PVF,20090803,32.25,33.08,31.80,32.02,465740,42.90,44.00,42.30,42.60,0,20200,100
PVF,20090731,31.34,31.79,30.82,31.80,873760,41.70,42.30,41.00,42.30,0,334180,0
PVF,20090730,30.44,31.19,29.69,30.29,641470,40.50,41.50,39.50,40.30,130000,113700,0
PVF,20090729,32.55,33.08,31.20,31.19,722120,43.30,44.00,41.50,41.50,0,62140,18330
PVF,20090728,32.92,33.15,32.32,32.55,2637710,43.80,44.10,43.00,43.30,0,278780,200000
PVF,20090727,31.57,31.57,31.42,31.57,1170760,42.00,42.00,41.80,42.00,0,158390,100000
PVF,20090724,30.07,30.07,30.07,30.07,126160,40.00,40.00,40.00,40.00,0,41600,0
PVF,20090723,27.14,28.64,26.69,28.64,656740,36.10,38.10,35.50,38.10,0,152830,0
PVF,20090722,27.97,27.97,27.22,27.29,542850,37.20,37.20,36.20,36.30,0,238140,0
PVF,20090721,26.53,27.13,26.31,27.14,549580,35.30,36.10,35.00,36.10,0,386710,6000
PVF,20090720,26.39,26.46,26.24,26.23,829160,35.10,35.20,34.90,34.90,0,221240,35840
PVF,20090717,28.26,28.33,27.58,27.59,780150,37.60,37.70,36.70,36.70,0,0,0
PVF,20090716,28.94,28.94,28.41,28.41,894690,38.50,38.50,37.80,37.80,0,210150,137550
PVF,20090715,27.74,28.26,27.44,27.81,535010,36.90,37.60,36.50,37.00,0,23000,2000
PVF,20090714,28.18,28.26,26.91,27.06,890600,37.50,37.60,35.80,36.00,200000,500,72240
PVF,20090713,29.09,29.31,28.26,28.26,861940,38.70,39.00,37.60,37.60,0,2600,0
PVF,20090710,29.32,29.92,29.24,29.69,1149970,39.00,39.80,38.90,39.50,120000,371000,52270
PVF,20090709,30.44,30.52,29.31,29.32,314460,40.50,40.60,39.00,39.00,0,4000,0
PVF,20090708,30.52,30.82,29.92,30.44,706530,40.60,41.00,39.80,40.50,0,235500,64250
PVF,20090707,30.75,31.57,30.07,30.52,1074770,40.90,42.00,40.00,40.60,115000,46800,2080
PVF,20090706,29.39,30.22,29.32,30.22,699900,39.10,40.20,39.00,40.20,0,182000,10000
PVF,20090703,28.34,29.31,28.34,28.79,610380,37.70,39.00,37.70,38.30,0,0,0
PVF,20090702,28.56,30.82,28.26,29.69,2427210,38.00,41.00,37.60,39.50,0,116850,1500
PVF,20090701,29.69,29.69,29.69,29.69,277730,39.50,39.50,39.50,39.50,0,105440,0
PVF,20090630,32.77,32.77,31.19,31.19,832520,43.60,43.60,41.50,41.50,0,73930,0
PVF,20090629,32.32,33.07,32.25,32.77,872540,43.00,44.00,42.90,43.60,0,236360,0
PVF,20090626,30.22,31.72,29.84,31.72,1327340,40.20,42.20,39.70,42.20,0,530600,0
PVF,20090625,32.92,32.92,29.92,30.22,1968180,43.80,43.80,39.80,40.20,0,406640,30000
PVF,20090624,31.42,31.42,30.22,31.42,1995600,41.80,41.80,40.20,41.80,0,256900,181000
PVF,20090623,29.99,29.99,29.99,29.99,355970,39.90,39.90,39.90,39.90,0,55480,95100
PVF,20090622,31.57,31.57,31.57,31.57,309010,42.00,42.00,42.00,42.00,0,51000,110400
PVF,20090619,34.95,34.95,33.22,33.22,1674830,46.50,46.50,44.20,44.20,117000,51000,40000
PVF,20090618,35.93,35.93,33.08,34.95,2147780,47.80,47.80,44.00,46.50,0,51380,118950
PVF,20090617,34.28,34.28,34.28,34.28,924090,45.60,45.60,45.60,45.60,0,600,0
PVF,20090616,36.08,36.46,36.08,36.08,914260,48.00,48.50,48.00,48.00,0,0,1300
PVF,20090615,35.48,38.71,35.18,37.96,4333960,47.20,51.50,46.80,50.50,20000,242220,80700
PVF,20090612,36.98,36.98,36.98,36.98,213620,49.20,49.20,49.20,49.20,180000,2000,0
PVF,20090611,35.25,35.25,35.25,35.25,131880,46.90,46.90,46.90,46.90,70000,4000,0
PVF,20090610,33.60,33.60,33.07,33.60,5044000,44.70,44.70,44.00,44.70,50000,332900,536310
PVF,20090609,32.02,32.02,32.02,32.02,249510,42.60,42.60,42.60,42.60,150000,0,120000
PVF,20090608,30.52,30.52,30.52,30.52,65040,40.60,40.60,40.60,40.60,220000,0,11130
PVF,20090605,29.09,29.09,29.09,29.09,83920,38.70,38.70,38.70,38.70,100000,39800,0
PVF,20090604,27.74,27.74,27.74,27.74,445890,36.90,36.90,36.90,36.90,124500,61000,900
PVF,20090603,26.46,26.46,26.46,26.46,420560,35.20,35.20,35.20,35.20,240000,0,0
PVF,20090602,25.25,25.25,25.25,25.26,40200,33.60,33.60,33.60,33.60,20000,0,5250
PVF,20090601,23.68,24.06,23.31,24.05,461360,31.50,32.00,31.00,32.00,0,39400,2000
PVF,20090529,24.05,24.05,22.85,22.93,846140,32.00,32.00,30.40,30.50,20000,1100,26610
PVF,20090528,24.06,24.81,24.06,24.05,674090,32.00,33.00,32.00,32.00,40000,21370,3500
PVF,20090527,25.93,26.54,25.18,25.26,1073950,34.50,35.30,33.50,33.60,0,2920,3000
PVF,20090526,26.83,26.91,25.63,26.46,1523740,35.70,35.80,34.10,35.20,0,20,4600
PVF,20090525,25.63,25.63,25.48,25.63,1205480,34.10,34.10,33.90,34.10,0,8320,2000
PVF,20090522,24.96,25.56,24.43,24.43,706870,33.20,34.00,32.50,32.50,0,220,65190
PVF,20090521,25.70,25.70,24.58,25.71,3047070,34.20,34.20,32.70,34.20,0,200000,6000
PVF,20090520,24.51,24.51,24.51,24.50,335720,32.60,32.60,32.60,32.60,170000,132630,16500
PVF,20090519,23.37,23.37,23.37,23.38,107710,31.10,31.10,31.10,31.10,0,0,0
PVF,20090518,22.32,22.32,22.32,22.32,309240,29.70,29.70,29.70,29.70,0,85160,4400
PVF,20090515,21.28,21.28,21.28,21.27,254340,28.30,28.30,28.30,28.30,0,0,23550
PVF,20090514,20.29,20.29,19.77,20.30,2736420,27.00,27.00,26.30,27.00,0,350240,1000
PVF,20090513,19.39,19.39,19.39,19.39,392140,25.80,25.80,25.80,25.80,40000,18750,100900
PVF,20090512,18.49,18.49,18.49,18.49,446880,24.60,24.60,24.60,24.60,0,132560,0
PVF,20090511,17.37,17.67,16.92,17.66,927380,23.10,23.50,22.50,23.50,0,176470,0
PVF,20090508,16.84,17.44,16.54,16.84,270750,22.40,23.20,22.00,22.40,0,0,0
PVF,20090507,16.69,16.84,16.32,16.84,996290,22.20,22.40,21.70,22.40,0,0,10
PVF,20090506,16.76,16.76,16.08,16.09,975180,22.30,22.30,21.40,21.40,0,476370,0
PVF,20090505,16.16,16.16,16.16,16.16,548880,21.50,21.50,21.50,21.50,0,217380,0
PVF,20090504,15.41,15.41,15.41,15.41,189810,20.50,20.50,20.50,20.50,0,63860,0
PVF,20090429,14.65,14.88,14.58,14.73,190610,19.50,19.80,19.40,19.60,0,0,0
PVF,20090428,14.43,14.88,14.43,14.88,171830,19.20,19.80,19.20,19.80,0,0,94980
PVF,20090427,15.03,14.58,14.58,14.88,194800,20.00,19.40,19.40,19.80,0,124310,0
PVF,20090424,14.80,14.88,14.28,14.58,322560,19.70,19.80,19.00,19.40,0,10,30410
PVF,20090423,14.95,15.18,14.80,14.88,209250,19.90,20.20,19.70,19.80,0,0,0
PVF,20090422,15.03,15.11,14.73,15.03,254640,20.00,20.10,19.60,20.00,0,0,0
PVF,20090421,13.60,14.88,13.60,14.43,504800,18.10,19.80,18.10,19.20,0,150200,16730
PVF,20090420,14.28,14.43,14.28,14.28,631500,19.00,19.20,19.00,19.00,0,301000,2000
PVF,20090417,15.63,15.63,14.88,15.03,439760,20.80,20.80,19.80,20.00,0,1000,10
PVF,20090416,15.79,15.79,15.41,15.63,470170,21.00,21.00,20.50,20.80,0,0,195000
PVF,20090415,15.56,16.08,15.56,15.56,463210,20.70,21.40,20.70,20.70,0,83320,0
PVF,20090414,15.41,16.47,15.41,16.31,625340,20.50,21.90,20.50,21.70,0,27770,2000
PVF,20090413,15.93,15.93,15.93,15.94,330390,21.20,21.20,21.20,21.20,0,22050,18000
PVF,20090410,15.19,15.19,15.19,15.18,305500,20.20,20.20,20.20,20.20,0,110390,43500
PVF,20090409,15.03,15.03,14.43,14.51,550250,20.00,20.00,19.20,19.30,0,400,34600
PVF,20090408,15.19,16.32,15.19,15.18,486810,20.20,21.70,20.20,20.20,0,1010,189980
PVF,20090407,15.03,15.93,14.58,15.94,622300,20.00,21.20,19.40,21.20,0,8100,150000
PVF,20090403,15.04,15.19,14.89,15.18,751030,20.00,20.20,19.80,20.20,0,126840,14050
PVF,20090402,14.28,14.59,14.13,14.51,385870,19.00,19.40,18.80,19.30,0,131250,0
PVF,20090401,14.21,14.66,13.91,14.51,410110,18.90,19.50,18.50,19.30,0,0,690
PVF,20090331,13.45,14.21,13.30,14.21,802330,17.90,18.90,17.70,18.90,0,411180,1090
PVF,20090330,13.38,13.83,13.38,13.53,243820,17.80,18.40,17.80,18.00,0,100,1010
PVF,20090327,14.58,14.58,13.75,13.91,648970,19.40,19.40,18.30,18.50,0,76330,2000
PVF,20090326,13.98,14.05,13.68,13.98,1109590,18.60,18.70,18.20,18.60,0,351870,0
PVF,20090325,12.85,13.45,12.77,13.45,487320,17.10,17.90,17.00,17.90,0,280780,1010
PVF,20090324,12.85,12.85,12.78,12.85,305590,17.10,17.10,17.00,17.10,0,153010,0
PVF,20090323,12.78,12.78,12.25,12.25,182550,17.00,17.00,16.30,16.30,0,4180,0
PVF,20090320,12.55,13.01,12.55,12.70,151060,16.70,17.30,16.70,16.90,0,1150,0
PVF,20090319,12.63,13.61,12.55,12.78,442480,16.80,18.10,16.70,17.00,0,195000,1000
PVF,20090318,13.08,13.08,13.01,13.08,364420,17.40,17.40,17.30,17.40,0,1500,1500
PVF,20090317,12.25,12.48,12.25,12.48,315770,16.30,16.60,16.30,16.60,24700,10,0
PVF,20090316,11.73,11.96,11.73,11.95,62990,15.60,15.90,15.60,15.90,0,6200,0
PVF,20090313,11.65,12.03,11.65,11.73,93830,15.50,16.00,15.50,15.60,0,0,0
PVF,20090312,12.03,12.33,11.88,11.88,202450,16.00,16.40,15.80,15.80,0,47470,0
PVF,20090311,12.40,12.40,12.18,12.33,204480,16.50,16.50,16.20,16.40,0,0,0
PVF,20090310,11.65,12.03,11.57,11.95,73480,15.50,16.00,15.40,15.90,0,11210,0
PVF,20090309,11.65,11.73,11.57,11.65,73240,15.50,15.60,15.40,15.50,0,3320,2500
PVF,20090306,11.57,11.72,11.57,11.65,101320,15.40,15.60,15.40,15.50,0,23070,0
PVF,20090305,11.73,11.88,11.66,11.80,84630,15.60,15.80,15.50,15.70,0,1000,0
PVF,20090304,11.58,11.81,11.58,11.58,120530,15.40,15.70,15.40,15.40,0,35000,0
PVF,20090303,11.58,11.73,11.50,11.58,201170,15.40,15.60,15.30,15.40,0,145210,26080
PVF,20090302,11.95,11.95,11.58,11.88,211170,15.90,15.90,15.40,15.80,0,2000,0
PVF,20090227,11.05,11.50,11.05,11.50,268210,14.70,15.30,14.70,15.30,0,168060,0
PVF,20090226,10.75,10.98,10.52,10.97,260510,14.30,14.60,14.00,14.60,0,168160,10
PVF,20090225,10.60,10.60,10.38,10.60,117240,14.10,14.10,13.80,14.10,0,0,0
PVF,20090224,10.14,10.37,10.14,10.15,165630,13.50,13.80,13.50,13.50,0,1200,400
PVF,20090223,10.75,10.90,10.67,10.67,109180,14.30,14.50,14.20,14.20,0,2000,0
PVF,20090220,11.20,11.28,11.05,11.20,62470,14.90,15.00,14.70,14.90,0,0,0
PVF,20090219,11.43,11.43,11.05,11.20,105160,15.20,15.20,14.70,14.90,0,1310,1100
PVF,20090218,11.27,11.73,11.20,11.28,144520,15.00,15.60,14.90,15.00,20000,0,0
PVF,20090217,11.88,11.95,11.50,11.50,138710,15.80,15.90,15.30,15.30,1519710,150,26500
PVF,20090216,12.02,12.10,12.02,12.03,90180,16.00,16.10,16.00,16.00,0,0,0
PVF,20090213,11.95,12.18,11.87,12.10,59170,15.90,16.20,15.80,16.10,0,200,0
PVF,20090212,12.10,12.33,12.10,12.10,124810,16.10,16.40,16.10,16.10,0,0,25000
PVF,20090211,12.17,12.32,12.17,12.18,224290,16.20,16.40,16.20,16.20,0,0,4500
PVF,20090210,12.62,12.70,12.55,12.55,99320,16.80,16.90,16.70,16.70,0,5150,2800
PVF,20090209,12.93,13.01,12.78,13.00,104720,17.20,17.30,17.00,17.30,0,2000,0
PVF,20090206,12.55,12.78,12.17,12.63,122250,16.70,17.00,16.20,16.80,0,2100,0
PVF,20090205,12.92,12.92,12.55,12.55,272180,17.20,17.20,16.70,16.70,0,24390,0
PVF,20090204,13.00,13.30,13.00,13.15,164820,17.30,17.70,17.30,17.50,0,10000,0
PVF,20090203,13.15,13.30,13.15,13.30,314290,17.50,17.70,17.50,17.70,0,204350,20000
PVF,20090202,13.46,13.53,13.23,13.30,488410,17.90,18.00,17.60,17.70,0,236570,4500
PVF,20090123,13.75,13.91,13.75,13.91,74130,18.30,18.50,18.30,18.50,0,17100,5000
PVF,20090122,13.76,13.84,13.68,13.83,106180,18.30,18.40,18.20,18.40,0,36720,20000
PVF,20090121,13.68,13.76,13.68,13.76,87180,18.20,18.30,18.20,18.30,0,27330,550
PVF,20090120,13.68,13.76,13.68,13.68,340400,18.20,18.30,18.20,18.20,0,214580,0
PVF,20090119,13.68,13.76,13.68,13.68,137320,18.20,18.30,18.20,18.20,0,60230,0
PVF,20090116,13.76,13.76,13.53,13.68,136820,18.30,18.30,18.00,18.20,0,99280,0
PVF,20090115,13.37,13.60,13.37,13.53,233130,17.80,18.10,17.80,18.00,0,76830,200
PVF,20090114,13.53,13.83,13.30,13.45,153980,18.00,18.40,17.70,17.90,0,0,0
PVF,20090113,13.90,13.90,13.45,13.53,231010,18.50,18.50,17.90,18.00,0,2000,0
PVF,20090112,14.21,14.21,14.06,14.13,110780,18.90,18.90,18.70,18.80,0,0,0
PVF,20090109,14.28,14.28,14.13,14.21,201470,19.00,19.00,18.80,18.90,0,18650,130
PVF,20090108,14.13,14.51,14.06,14.13,319370,18.80,19.30,18.70,18.80,0,85110,0
PVF,20090107,14.58,14.58,14.20,14.21,392220,19.40,19.40,18.90,18.90,0,100,0
PVF,20090106,14.58,14.66,14.28,14.28,306980,19.40,19.50,19.00,19.00,0,17580,14500
PVF,20090105,14.35,14.66,14.20,14.58,379350,19.10,19.50,18.90,19.40,0,256690,0
PVF,20090102,14.36,14.74,14.36,14.58,203650,19.10,19.60,19.10,19.40,0,125480,590
PVF,20081231,15.03,15.03,14.20,14.66,410230,20.00,20.00,18.90,19.50,25000,218200,0
PVF,20081230,14.59,14.89,14.36,14.88,779900,19.40,19.80,19.10,19.80,0,286300,0
PVF,20081229,14.21,14.51,14.13,14.36,523520,18.90,19.30,18.80,19.10,0,319970,0
PVF,20081226,13.53,14.21,13.53,14.21,302490,18.00,18.90,18.00,18.90,0,70580,0
PVF,20081225,14.36,14.36,13.83,13.83,162680,19.10,19.10,18.40,18.40,0,1450,0
PVF,20081224,13.83,14.36,13.83,14.36,778730,18.40,19.10,18.40,19.10,0,362050,0
PVF,20081223,14.21,14.43,13.83,14.06,1028080,18.90,19.20,18.40,18.70,0,474590,15000
PVF,20081222,14.51,14.51,14.06,14.51,1106940,19.30,19.30,18.70,19.30,0,169830,1000
PVF,20081219,13.83,13.83,13.83,13.83,252760,18.40,18.40,18.40,18.40,0,210080,0
PVF,20081218,13.01,13.23,12.63,13.23,1033220,17.30,17.60,16.80,17.60,0,281350,0
PVF,20081217,11.80,12.63,11.80,12.63,772230,15.70,16.80,15.70,16.80,0,547010,4000
PVF,20081216,12.33,12.33,12.03,12.03,311640,16.40,16.40,16.00,16.00,0,0,0
PVF,20081215,12.70,12.70,12.25,12.63,398540,16.90,16.90,16.30,16.80,0,6000,0
PVF,20081212,12.03,12.26,11.88,12.25,444000,16.00,16.30,15.80,16.30,0,0,0
PVF,20081211,11.65,11.80,11.65,11.73,291650,15.50,15.70,15.50,15.60,0,0,0
PVF,20081210,11.72,11.72,11.50,11.65,262410,15.60,15.60,15.30,15.50,0,0,0
PVF,20081209,11.27,11.88,11.27,11.80,286560,15.00,15.80,15.00,15.70,0,320,0
PVF,20081208,11.72,11.72,11.50,11.50,322750,15.60,15.60,15.30,15.30,0,0,0
PVF,20081205,12.33,12.33,12.03,12.10,198710,16.40,16.40,16.00,16.10,0,0,0
PVF,20081204,12.10,12.70,12.10,12.63,553760,16.10,16.90,16.10,16.80,0,0,0
PVF,20081203,12.10,12.10,11.87,12.10,252390,16.10,16.10,15.80,16.10,0,0,0
PVF,20081202,12.02,12.17,11.95,11.95,268370,16.00,16.20,15.90,15.90,50000,1200,0
PVF,20081201,12.10,12.48,11.57,12.40,555620,16.10,16.60,15.40,16.50,0,83000,7000
PVF,20081128,11.81,11.96,11.81,11.95,222410,15.70,15.90,15.70,15.90,0,43000,4000
PVF,20081127,11.65,11.95,11.42,11.43,225510,15.50,15.90,15.20,15.20,0,100,0
PVF,20081126,12.17,12.17,11.95,11.95,305420,16.20,16.20,15.90,15.90,0,100,0
PVF,20081125,12.55,12.55,12.17,12.55,296360,16.70,16.70,16.20,16.70,40000,100,2000
PVF,20081124,12.77,12.92,12.55,12.55,396980,17.00,17.20,16.70,16.70,0,4600,0
PVF,20081121,13.15,13.53,13.15,13.15,486360,17.50,18.00,17.50,17.50,0,100,0
PVF,20081120,13.83,13.98,13.83,13.83,401190,18.40,18.60,18.40,18.40,20000,1590,0
PVF,20081119,15.04,15.04,14.51,14.51,252630,20.00,20.00,19.30,19.30,0,1300,0
PVF,20081118,14.65,15.03,14.65,14.81,215310,19.50,20.00,19.50,19.70,0,100,0
PVF,20081117,15.18,15.55,14.95,15.18,323440,20.20,20.70,19.90,20.20,0,700,0
PVF,20081114,15.64,15.64,15.19,15.63,623070,20.80,20.80,20.20,20.80,20000,13430,0
PVF,20081113,14.73,15.48,14.73,14.96,756410,19.60,20.60,19.60,19.90,0,100,15850
PVF,20081112,15.49,15.49,15.49,15.48,215980,20.60,20.60,20.60,20.60,0,10100,0
PVF,20081111,16.23,16.38,16.23,16.24,323970,21.60,21.80,21.60,21.60,0,12200,4150
PVF,20081110,17.14,17.89,16.91,17.06,575330,22.80,23.80,22.50,22.70,0,8210,0
PVF,20081107,17.59,18.49,17.59,17.59,483660,23.40,24.60,23.40,23.40,0,5450,0
PVF,20081106,17.96,18.79,17.28,18.49,1227160,23.90,25.00,23.00,24.60,0,3130,0
PVF,20081105,17.97,17.97,17.82,17.96,1099080,23.90,23.90,23.70,23.90,0,5080,0
PVF,20081104,17.14,18.64,17.14,17.14,2334610,22.80,24.80,22.80,22.80,200000,41160,0
PVF,20081103,18.04,18.04,18.04,18.04,153460,24.00,24.00,24.00,24.00,0,2580,0
